2026-08-05 22:11:02,936 | WARNING | pypdf._reader | Ignoring wrong pointing object 8 0 (offset 0)
2026-08-05 22:11:02,936 | WARNING | pypdf._reader | Ignoring wrong pointing object 10 0 (offset 0)
2026-08-05 22:11:02,936 | WARNING | pypdf._reader | Ignoring wrong pointing object 12 0 (offset 0)
2026-08-05 22:11:02,937 | WARNING | pypdf._reader | Ignoring wrong pointing object 15 0 (offset 0)
2026-08-05 22:11:02,937 | WARNING | pypdf._reader | Ignoring wrong pointing object 28 0 (offset 0)
2026-08-05 22:11:02,937 | WARNING | pypdf._reader | Ignoring wrong pointing object 31 0 (offset 0)
2026-08-05 22:11:02,937 | WARNING | pypdf._reader | Ignoring wrong pointing object 51 0 (offset 0)
2026-08-05 22:11:02,937 | WARNING | pypdf._reader | Ignoring wrong pointing object 54 0 (offset 0)
2026-08-05 22:11:02,938 | WARNING | pypdf._reader | Ignoring wrong pointing object 56 0 (offset 0)
2026-08-05 22:11:02,938 | WARNING | pypdf._reader | Ignoring wrong pointing object 62 0 (offset 0)
2026-08-05 22:11:02,938 | WARNING | pypdf._reader | Ignoring wrong pointing object 65 0 (offset 0)
2026-08-05 22:11:02,939 | WARNING | pypdf._reader | Ignoring wrong pointing object 67 0 (offset 0)
2026-08-05 22:11:02,939 | WARNING | pypdf._reader | Ignoring wrong pointing object 83 0 (offset 0)
2026-08-05 22:11:02,939 | WARNING | pypdf._reader | Ignoring wrong pointing object 85 0 (offset 0)
2026-08-05 22:11:02,939 | WARNING | pypdf._reader | Ignoring wrong pointing object 96 0 (offset 0)
2026-08-05 22:11:02,939 | WARNING | pypdf._reader | Ignoring wrong pointing object 103 0 (offset 0)
2026-08-05 22:11:02,939 | WARNING | pypdf._reader | Ignoring wrong pointing object 140 0 (offset 0)
2026-08-05 22:11:02,940 | WARNING | pypdf._reader | Ignoring wrong pointing object 172 0 (offset 0)
2026-08-05 22:11:02,940 | WARNING | pypdf._reader | Ignoring wrong pointing object 273 0 (offset 0)
2026-08-05 22:11:02,940 | WARNING | pypdf._reader | Ignoring wrong pointing object 288 0 (offset 0)
2026-08-05 22:11:02,940 | WARNING | pypdf._reader | Ignoring wrong pointing object 323 0 (offset 0)
2026-08-05 22:11:02,940 | WARNING | pypdf._reader | Ignoring wrong pointing object 325 0 (offset 0)
2026-08-05 22:11:02,940 | WARNING | pypdf._reader | Ignoring wrong pointing object 332 0 (offset 0)
2026-08-05 22:11:02,940 | WARNING | pypdf._reader | Ignoring wrong pointing object 334 0 (offset 0)
2026-08-05 22:11:02,941 | WARNING | pypdf._reader | Ignoring wrong pointing object 394 0 (offset 0)
2026-08-05 22:11:02,941 | WARNING | pypdf._reader | Ignoring wrong pointing object 457 0 (offset 0)
2026-08-05 22:11:03,729 | INFO | CloudMentorAI | Loaded 84 pages from Ch1 - Tong quan DTDM.pdf
2026-08-05 22:18:10,073 | WARNING | pypdf._reader | Ignoring wrong pointing object 8 0 (offset 0)
2026-08-05 22:18:10,073 | WARNING | pypdf._reader | Ignoring wrong pointing object 10 0 (offset 0)
2026-08-05 22:18:10,073 | WARNING | pypdf._reader | Ignoring wrong pointing object 12 0 (offset 0)
2026-08-05 22:18:10,073 | WARNING | pypdf._reader | Ignoring wrong pointing object 15 0 (offset 0)
2026-08-05 22:18:10,073 | WARNING | pypdf._reader | Ignoring wrong pointing object 28 0 (offset 0)
2026-08-05 22:18:10,074 | WARNING | pypdf._reader | Ignoring wrong pointing object 31 0 (offset 0)
2026-08-05 22:18:10,074 | WARNING | pypdf._reader | Ignoring wrong pointing object 51 0 (offset 0)
2026-08-05 22:18:10,074 | WARNING | pypdf._reader | Ignoring wrong pointing object 54 0 (offset 0)
2026-08-05 22:18:10,074 | WARNING | pypdf._reader | Ignoring wrong pointing object 56 0 (offset 0)
2026-08-05 22:18:10,074 | WARNING | pypdf._reader | Ignoring wrong pointing object 62 0 (offset 0)
2026-08-05 22:18:10,074 | WARNING | pypdf._reader | Ignoring wrong pointing object 65 0 (offset 0)
2026-08-05 22:18:10,074 | WARNING | pypdf._reader | Ignoring wrong pointing object 67 0 (offset 0)
2026-08-05 22:18:10,074 | WARNING | pypdf._reader | Ignoring wrong pointing object 83 0 (offset 0)
2026-08-05 22:18:10,074 | WARNING | pypdf._reader | Ignoring wrong pointing object 85 0 (offset 0)
2026-08-05 22:18:10,074 | WARNING | pypdf._reader | Ignoring wrong pointing object 96 0 (offset 0)
2026-08-05 22:18:10,074 | WARNING | pypdf._reader | Ignoring wrong pointing object 103 0 (offset 0)
2026-08-05 22:18:10,075 | WARNING | pypdf._reader | Ignoring wrong pointing object 140 0 (offset 0)
2026-08-05 22:18:10,075 | WARNING | pypdf._reader | Ignoring wrong pointing object 172 0 (offset 0)
2026-08-05 22:18:10,075 | WARNING | pypdf._reader | Ignoring wrong pointing object 273 0 (offset 0)
2026-08-05 22:18:10,075 | WARNING | pypdf._reader | Ignoring wrong pointing object 288 0 (offset 0)
2026-08-05 22:18:10,076 | WARNING | pypdf._reader | Ignoring wrong pointing object 323 0 (offset 0)
2026-08-05 22:18:10,076 | WARNING | pypdf._reader | Ignoring wrong pointing object 325 0 (offset 0)
2026-08-05 22:18:10,076 | WARNING | pypdf._reader | Ignoring wrong pointing object 332 0 (offset 0)
2026-08-05 22:18:10,076 | WARNING | pypdf._reader | Ignoring wrong pointing object 334 0 (offset 0)
2026-08-05 22:18:10,076 | WARNING | pypdf._reader | Ignoring wrong pointing object 394 0 (offset 0)
2026-08-05 22:18:10,076 | WARNING | pypdf._reader | Ignoring wrong pointing object 457 0 (offset 0)
2026-08-05 22:18:10,841 | INFO | CloudMentorAI | Loaded 84 pages from Ch1 - Tong quan DTDM.pdf
2026-08-05 22:24:43,599 | WARNING | pypdf._reader | Ignoring wrong pointing object 8 0 (offset 0)
2026-08-05 22:24:43,599 | WARNING | pypdf._reader | Ignoring wrong pointing object 10 0 (offset 0)
2026-08-05 22:24:43,599 | WARNING | pypdf._reader | Ignoring wrong pointing object 12 0 (offset 0)
2026-08-05 22:24:43,599 | WARNING | pypdf._reader | Ignoring wrong pointing object 15 0 (offset 0)
2026-08-05 22:24:43,599 | WARNING | pypdf._reader | Ignoring wrong pointing object 28 0 (offset 0)
2026-08-05 22:24:43,599 | WARNING | pypdf._reader | Ignoring wrong pointing object 31 0 (offset 0)
2026-08-05 22:24:43,600 | WARNING | pypdf._reader | Ignoring wrong pointing object 51 0 (offset 0)
2026-08-05 22:24:43,600 | WARNING | pypdf._reader | Ignoring wrong pointing object 54 0 (offset 0)
2026-08-05 22:24:43,600 | WARNING | pypdf._reader | Ignoring wrong pointing object 56 0 (offset 0)
2026-08-05 22:24:43,600 | WARNING | pypdf._reader | Ignoring wrong pointing object 62 0 (offset 0)
2026-08-05 22:24:43,601 | WARNING | pypdf._reader | Ignoring wrong pointing object 65 0 (offset 0)
2026-08-05 22:24:43,601 | WARNING | pypdf._reader | Ignoring wrong pointing object 67 0 (offset 0)
2026-08-05 22:24:43,601 | WARNING | pypdf._reader | Ignoring wrong pointing object 83 0 (offset 0)
2026-08-05 22:24:43,601 | WARNING | pypdf._reader | Ignoring wrong pointing object 85 0 (offset 0)
2026-08-05 22:24:43,601 | WARNING | pypdf._reader | Ignoring wrong pointing object 96 0 (offset 0)
2026-08-05 22:24:43,601 | WARNING | pypdf._reader | Ignoring wrong pointing object 103 0 (offset 0)
2026-08-05 22:24:43,601 | WARNING | pypdf._reader | Ignoring wrong pointing object 140 0 (offset 0)
2026-08-05 22:24:43,602 | WARNING | pypdf._reader | Ignoring wrong pointing object 172 0 (offset 0)
2026-08-05 22:24:43,602 | WARNING | pypdf._reader | Ignoring wrong pointing object 273 0 (offset 0)
2026-08-05 22:24:43,602 | WARNING | pypdf._reader | Ignoring wrong pointing object 288 0 (offset 0)
2026-08-05 22:24:43,602 | WARNING | pypdf._reader | Ignoring wrong pointing object 323 0 (offset 0)
2026-08-05 22:24:43,602 | WARNING | pypdf._reader | Ignoring wrong pointing object 325 0 (offset 0)
2026-08-05 22:24:43,602 | WARNING | pypdf._reader | Ignoring wrong pointing object 332 0 (offset 0)
2026-08-05 22:24:43,602 | WARNING | pypdf._reader | Ignoring wrong pointing object 334 0 (offset 0)
2026-08-05 22:24:43,603 | WARNING | pypdf._reader | Ignoring wrong pointing object 394 0 (offset 0)
2026-08-05 22:24:43,603 | WARNING | pypdf._reader | Ignoring wrong pointing object 457 0 (offset 0)
2026-08-05 22:24:44,699 | INFO | CloudMentorAI | Loaded 84 pages from Ch1 - Tong quan DTDM.pdf
2026-08-05 22:24:44,701 | INFO | sentence_transformers.base.model | No device provided, using cpu
2026-08-05 22:24:45,182 | INFO | httpx | HTTP Request: GET https://huggingface.co/api/agent-harnesses "HTTP/1.1 200 OK"
2026-08-05 22:24:45,465 | INFO | httpx | HTTP Request: HEAD https://huggingface.co/sentence-transformers/all-MiniLM-L6-v2/resolve/main/modules.json "HTTP/1.1 307 Temporary Redirect"
2026-08-05 22:24:45,466 | WARNING | huggingface_hub.utils._http | Warning: You are sending unauthenticated requests to the HF Hub. Please set a HF_TOKEN to enable higher rate limits and faster downloads.
2026-08-05 22:24:45,477 | INFO | httpx | HTTP Request: HEAD https://huggingface.co/api/resolve-cache/models/sentence-transformers/all-MiniLM-L6-v2/1110a243fdf4706b3f48f1d95db1a4f5529b4d41/modules.json "HTTP/1.1 200 OK"
2026-08-05 22:24:45,502 | INFO | httpx | HTTP Request: GET https://huggingface.co/api/resolve-cache/models/sentence-transformers/all-MiniLM-L6-v2/1110a243fdf4706b3f48f1d95db1a4f5529b4d41/modules.json "HTTP/1.1 200 OK"
2026-08-05 22:24:45,773 | INFO | httpx | HTTP Request: HEAD https://huggingface.co/sentence-transformers/all-MiniLM-L6-v2/resolve/main/config_sentence_transformers.json "HTTP/1.1 307 Temporary Redirect"
2026-08-05 22:24:45,789 | INFO | httpx | HTTP Request: HEAD https://huggingface.co/api/resolve-cache/models/sentence-transformers/all-MiniLM-L6-v2/1110a243fdf4706b3f48f1d95db1a4f5529b4d41/config_sentence_transformers.json "HTTP/1.1 200 OK"
2026-08-05 22:24:45,816 | INFO | httpx | HTTP Request: GET https://huggingface.co/api/resolve-cache/models/sentence-transformers/all-MiniLM-L6-v2/1110a243fdf4706b3f48f1d95db1a4f5529b4d41/config_sentence_transformers.json "HTTP/1.1 200 OK"
2026-08-05 22:24:45,837 | INFO | sentence_transformers.base.model | Loading SentenceTransformer model from sentence-transformers/all-MiniLM-L6-v2.
2026-08-05 22:24:46,115 | INFO | httpx | HTTP Request: HEAD https://huggingface.co/sentence-transformers/all-MiniLM-L6-v2/resolve/main/config_sentence_transformers.json "HTTP/1.1 307 Temporary Redirect"
2026-08-05 22:24:46,134 | INFO | httpx | HTTP Request: HEAD https://huggingface.co/api/resolve-cache/models/sentence-transformers/all-MiniLM-L6-v2/1110a243fdf4706b3f48f1d95db1a4f5529b4d41/config_sentence_transformers.json "HTTP/1.1 200 OK"
2026-08-05 22:24:46,409 | INFO | httpx | HTTP Request: HEAD https://huggingface.co/sentence-transformers/all-MiniLM-L6-v2/resolve/main/README.md "HTTP/1.1 307 Temporary Redirect"
2026-08-05 22:24:46,430 | INFO | httpx | HTTP Request: HEAD https://huggingface.co/api/resolve-cache/models/sentence-transformers/all-MiniLM-L6-v2/1110a243fdf4706b3f48f1d95db1a4f5529b4d41/README.md "HTTP/1.1 200 OK"
2026-08-05 22:24:46,446 | INFO | httpx | HTTP Request: GET https://huggingface.co/api/resolve-cache/models/sentence-transformers/all-MiniLM-L6-v2/1110a243fdf4706b3f48f1d95db1a4f5529b4d41/README.md "HTTP/1.1 200 OK"
2026-08-05 22:24:46,730 | INFO | httpx | HTTP Request: HEAD https://huggingface.co/sentence-transformers/all-MiniLM-L6-v2/resolve/main/modules.json "HTTP/1.1 307 Temporary Redirect"
2026-08-05 22:24:46,743 | INFO | httpx | HTTP Request: HEAD https://huggingface.co/api/resolve-cache/models/sentence-transformers/all-MiniLM-L6-v2/1110a243fdf4706b3f48f1d95db1a4f5529b4d41/modules.json "HTTP/1.1 200 OK"
2026-08-05 22:24:47,013 | INFO | httpx | HTTP Request: HEAD https://huggingface.co/sentence-transformers/all-MiniLM-L6-v2/resolve/main/sentence_bert_config.json "HTTP/1.1 307 Temporary Redirect"
2026-08-05 22:24:47,023 | INFO | httpx | HTTP Request: HEAD https://huggingface.co/api/resolve-cache/models/sentence-transformers/all-MiniLM-L6-v2/1110a243fdf4706b3f48f1d95db1a4f5529b4d41/sentence_bert_config.json "HTTP/1.1 200 OK"
2026-08-05 22:24:47,044 | INFO | httpx | HTTP Request: GET https://huggingface.co/api/resolve-cache/models/sentence-transformers/all-MiniLM-L6-v2/1110a243fdf4706b3f48f1d95db1a4f5529b4d41/sentence_bert_config.json "HTTP/1.1 200 OK"
2026-08-05 22:24:47,348 | INFO | httpx | HTTP Request: HEAD https://huggingface.co/sentence-transformers/all-MiniLM-L6-v2/resolve/main/adapter_config.json "HTTP/1.1 404 Not Found"
2026-08-05 22:24:47,645 | INFO | httpx | HTTP Request: HEAD https://huggingface.co/sentence-transformers/all-MiniLM-L6-v2/resolve/main/config.json "HTTP/1.1 307 Temporary Redirect"
2026-08-05 22:24:47,660 | INFO | httpx | HTTP Request: HEAD https://huggingface.co/api/resolve-cache/models/sentence-transformers/all-MiniLM-L6-v2/1110a243fdf4706b3f48f1d95db1a4f5529b4d41/config.json "HTTP/1.1 200 OK"
2026-08-05 22:24:47,688 | INFO | httpx | HTTP Request: GET https://huggingface.co/api/resolve-cache/models/sentence-transformers/all-MiniLM-L6-v2/1110a243fdf4706b3f48f1d95db1a4f5529b4d41/config.json "HTTP/1.1 200 OK"
2026-08-05 22:24:48,098 | INFO | httpx | HTTP Request: HEAD https://huggingface.co/sentence-transformers/all-MiniLM-L6-v2/resolve/main/model.safetensors "HTTP/1.1 302 Found"
2026-08-05 22:24:57,743 | INFO | httpx | HTTP Request: HEAD https://huggingface.co/sentence-transformers/all-MiniLM-L6-v2/resolve/main/processor_config.json "HTTP/1.1 404 Not Found"
2026-08-05 22:24:58,023 | INFO | httpx | HTTP Request: HEAD https://huggingface.co/sentence-transformers/all-MiniLM-L6-v2/resolve/main/preprocessor_config.json "HTTP/1.1 404 Not Found"
2026-08-05 22:24:58,303 | INFO | httpx | HTTP Request: HEAD https://huggingface.co/sentence-transformers/all-MiniLM-L6-v2/resolve/main/video_preprocessor_config.json "HTTP/1.1 404 Not Found"
2026-08-05 22:24:58,591 | INFO | httpx | HTTP Request: HEAD https://huggingface.co/sentence-transformers/all-MiniLM-L6-v2/resolve/main/preprocessor_config.json "HTTP/1.1 404 Not Found"
2026-08-05 22:24:58,865 | INFO | httpx | HTTP Request: HEAD https://huggingface.co/sentence-transformers/all-MiniLM-L6-v2/resolve/main/tokenizer_config.json "HTTP/1.1 307 Temporary Redirect"
2026-08-05 22:24:58,879 | INFO | httpx | HTTP Request: HEAD https://huggingface.co/api/resolve-cache/models/sentence-transformers/all-MiniLM-L6-v2/1110a243fdf4706b3f48f1d95db1a4f5529b4d41/tokenizer_config.json "HTTP/1.1 200 OK"
2026-08-05 22:24:58,908 | INFO | httpx | HTTP Request: GET https://huggingface.co/api/resolve-cache/models/sentence-transformers/all-MiniLM-L6-v2/1110a243fdf4706b3f48f1d95db1a4f5529b4d41/tokenizer_config.json "HTTP/1.1 200 OK"
2026-08-05 22:24:59,202 | INFO | httpx | HTTP Request: HEAD https://huggingface.co/sentence-transformers/all-MiniLM-L6-v2/resolve/main/config.json "HTTP/1.1 307 Temporary Redirect"
2026-08-05 22:24:59,215 | INFO | httpx | HTTP Request: HEAD https://huggingface.co/api/resolve-cache/models/sentence-transformers/all-MiniLM-L6-v2/1110a243fdf4706b3f48f1d95db1a4f5529b4d41/config.json "HTTP/1.1 200 OK"
2026-08-05 22:24:59,495 | INFO | httpx | HTTP Request: HEAD https://huggingface.co/sentence-transformers/all-MiniLM-L6-v2/resolve/main/config.json "HTTP/1.1 307 Temporary Redirect"
2026-08-05 22:24:59,516 | INFO | httpx | HTTP Request: HEAD https://huggingface.co/api/resolve-cache/models/sentence-transformers/all-MiniLM-L6-v2/1110a243fdf4706b3f48f1d95db1a4f5529b4d41/config.json "HTTP/1.1 200 OK"
2026-08-05 22:24:59,788 | INFO | httpx | HTTP Request: HEAD https://huggingface.co/sentence-transformers/all-MiniLM-L6-v2/resolve/main/tokenizer_config.json "HTTP/1.1 307 Temporary Redirect"
2026-08-05 22:24:59,804 | INFO | httpx | HTTP Request: HEAD https://huggingface.co/api/resolve-cache/models/sentence-transformers/all-MiniLM-L6-v2/1110a243fdf4706b3f48f1d95db1a4f5529b4d41/tokenizer_config.json "HTTP/1.1 200 OK"
2026-08-05 22:25:00,088 | INFO | httpx | HTTP Request: GET https://huggingface.co/api/models/sentence-transformers/all-MiniLM-L6-v2/tree/main/additional_chat_templates?recursive=false&expand=false "HTTP/1.1 404 Not Found"
2026-08-05 22:25:00,367 | INFO | httpx | HTTP Request: GET https://huggingface.co/api/models/sentence-transformers/all-MiniLM-L6-v2/tree/main?recursive=true&expand=false "HTTP/1.1 200 OK"
2026-08-05 22:25:00,654 | INFO | httpx | HTTP Request: HEAD https://huggingface.co/sentence-transformers/all-MiniLM-L6-v2/resolve/main/vocab.txt "HTTP/1.1 307 Temporary Redirect"
2026-08-05 22:25:00,668 | INFO | httpx | HTTP Request: HEAD https://huggingface.co/api/resolve-cache/models/sentence-transformers/all-MiniLM-L6-v2/1110a243fdf4706b3f48f1d95db1a4f5529b4d41/vocab.txt "HTTP/1.1 200 OK"
2026-08-05 22:25:00,692 | INFO | httpx | HTTP Request: GET https://huggingface.co/api/resolve-cache/models/sentence-transformers/all-MiniLM-L6-v2/1110a243fdf4706b3f48f1d95db1a4f5529b4d41/vocab.txt "HTTP/1.1 200 OK"
2026-08-05 22:25:00,997 | INFO | httpx | HTTP Request: HEAD https://huggingface.co/sentence-transformers/all-MiniLM-L6-v2/resolve/main/tokenizer.json "HTTP/1.1 307 Temporary Redirect"
2026-08-05 22:25:01,010 | INFO | httpx | HTTP Request: HEAD https://huggingface.co/api/resolve-cache/models/sentence-transformers/all-MiniLM-L6-v2/1110a243fdf4706b3f48f1d95db1a4f5529b4d41/tokenizer.json "HTTP/1.1 200 OK"
2026-08-05 22:25:01,026 | INFO | httpx | HTTP Request: GET https://huggingface.co/api/resolve-cache/models/sentence-transformers/all-MiniLM-L6-v2/1110a243fdf4706b3f48f1d95db1a4f5529b4d41/tokenizer.json "HTTP/1.1 200 OK"
2026-08-05 22:25:01,341 | INFO | httpx | HTTP Request: HEAD https://huggingface.co/sentence-transformers/all-MiniLM-L6-v2/resolve/main/added_tokens.json "HTTP/1.1 404 Not Found"
2026-08-05 22:25:01,619 | INFO | httpx | HTTP Request: HEAD https://huggingface.co/sentence-transformers/all-MiniLM-L6-v2/resolve/main/special_tokens_map.json "HTTP/1.1 307 Temporary Redirect"
2026-08-05 22:25:01,634 | INFO | httpx | HTTP Request: HEAD https://huggingface.co/api/resolve-cache/models/sentence-transformers/all-MiniLM-L6-v2/1110a243fdf4706b3f48f1d95db1a4f5529b4d41/special_tokens_map.json "HTTP/1.1 200 OK"
2026-08-05 22:25:01,656 | INFO | httpx | HTTP Request: GET https://huggingface.co/api/resolve-cache/models/sentence-transformers/all-MiniLM-L6-v2/1110a243fdf4706b3f48f1d95db1a4f5529b4d41/special_tokens_map.json "HTTP/1.1 200 OK"
2026-08-05 22:25:01,934 | INFO | httpx | HTTP Request: HEAD https://huggingface.co/sentence-transformers/all-MiniLM-L6-v2/resolve/main/chat_template.jinja "HTTP/1.1 404 Not Found"
2026-08-05 22:25:02,253 | INFO | httpx | HTTP Request: HEAD https://huggingface.co/sentence-transformers/all-MiniLM-L6-v2/resolve/main/1_Pooling/config.json "HTTP/1.1 307 Temporary Redirect"
2026-08-05 22:25:02,265 | INFO | httpx | HTTP Request: HEAD https://huggingface.co/api/resolve-cache/models/sentence-transformers/all-MiniLM-L6-v2/1110a243fdf4706b3f48f1d95db1a4f5529b4d41/1_Pooling%2Fconfig.json "HTTP/1.1 200 OK"
2026-08-05 22:25:02,277 | INFO | httpx | HTTP Request: GET https://huggingface.co/api/resolve-cache/models/sentence-transformers/all-MiniLM-L6-v2/1110a243fdf4706b3f48f1d95db1a4f5529b4d41/1_Pooling%2Fconfig.json "HTTP/1.1 200 OK"
2026-08-05 22:25:02,554 | INFO | httpx | HTTP Request: GET https://huggingface.co/api/models/sentence-transformers/all-MiniLM-L6-v2 "HTTP/1.1 200 OK"
2026-08-05 22:25:02,581 | INFO | CloudMentorAI | Loaded embedding model: sentence-transformers/all-MiniLM-L6-v2
2026-08-05 22:25:04,148 | INFO | CloudMentorAI | Generated 86 embeddings
2026-08-05 22:29:12,445 | WARNING | pypdf._reader | Ignoring wrong pointing object 8 0 (offset 0)
2026-08-05 22:29:12,445 | WARNING | pypdf._reader | Ignoring wrong pointing object 10 0 (offset 0)
2026-08-05 22:29:12,446 | WARNING | pypdf._reader | Ignoring wrong pointing object 12 0 (offset 0)
2026-08-05 22:29:12,446 | WARNING | pypdf._reader | Ignoring wrong pointing object 15 0 (offset 0)
2026-08-05 22:29:12,446 | WARNING | pypdf._reader | Ignoring wrong pointing object 28 0 (offset 0)
2026-08-05 22:29:12,446 | WARNING | pypdf._reader | Ignoring wrong pointing object 31 0 (offset 0)
2026-08-05 22:29:12,446 | WARNING | pypdf._reader | Ignoring wrong pointing object 51 0 (offset 0)
2026-08-05 22:29:12,446 | WARNING | pypdf._reader | Ignoring wrong pointing object 54 0 (offset 0)
2026-08-05 22:29:12,447 | WARNING | pypdf._reader | Ignoring wrong pointing object 56 0 (offset 0)
2026-08-05 22:29:12,447 | WARNING | pypdf._reader | Ignoring wrong pointing object 62 0 (offset 0)
2026-08-05 22:29:12,447 | WARNING | pypdf._reader | Ignoring wrong pointing object 65 0 (offset 0)
2026-08-05 22:29:12,447 | WARNING | pypdf._reader | Ignoring wrong pointing object 67 0 (offset 0)
2026-08-05 22:29:12,447 | WARNING | pypdf._reader | Ignoring wrong pointing object 83 0 (offset 0)
2026-08-05 22:29:12,447 | WARNING | pypdf._reader | Ignoring wrong pointing object 85 0 (offset 0)
2026-08-05 22:29:12,447 | WARNING | pypdf._reader | Ignoring wrong pointing object 96 0 (offset 0)
2026-08-05 22:29:12,447 | WARNING | pypdf._reader | Ignoring wrong pointing object 103 0 (offset 0)
2026-08-05 22:29:12,447 | WARNING | pypdf._reader | Ignoring wrong pointing object 140 0 (offset 0)
2026-08-05 22:29:12,447 | WARNING | pypdf._reader | Ignoring wrong pointing object 172 0 (offset 0)
2026-08-05 22:29:12,447 | WARNING | pypdf._reader | Ignoring wrong pointing object 273 0 (offset 0)
2026-08-05 22:29:12,448 | WARNING | pypdf._reader | Ignoring wrong pointing object 288 0 (offset 0)
2026-08-05 22:29:12,448 | WARNING | pypdf._reader | Ignoring wrong pointing object 323 0 (offset 0)
2026-08-05 22:29:12,448 | WARNING | pypdf._reader | Ignoring wrong pointing object 325 0 (offset 0)
2026-08-05 22:29:12,448 | WARNING | pypdf._reader | Ignoring wrong pointing object 332 0 (offset 0)
2026-08-05 22:29:12,448 | WARNING | pypdf._reader | Ignoring wrong pointing object 334 0 (offset 0)
2026-08-05 22:29:12,448 | WARNING | pypdf._reader | Ignoring wrong pointing object 394 0 (offset 0)
2026-08-05 22:29:12,448 | WARNING | pypdf._reader | Ignoring wrong pointing object 457 0 (offset 0)
2026-08-05 22:29:13,564 | INFO | CloudMentorAI | Loaded 84 pages from Ch1 - Tong quan DTDM.pdf
2026-08-05 22:29:13,565 | INFO | sentence_transformers.base.model | No device provided, using cpu
2026-08-05 22:29:14,032 | INFO | httpx | HTTP Request: HEAD https://huggingface.co/sentence-transformers/all-MiniLM-L6-v2/resolve/main/modules.json "HTTP/1.1 307 Temporary Redirect"
2026-08-05 22:29:14,034 | WARNING | huggingface_hub.utils._http | Warning: You are sending unauthenticated requests to the HF Hub. Please set a HF_TOKEN to enable higher rate limits and faster downloads.
2026-08-05 22:29:14,045 | INFO | httpx | HTTP Request: HEAD https://huggingface.co/api/resolve-cache/models/sentence-transformers/all-MiniLM-L6-v2/1110a243fdf4706b3f48f1d95db1a4f5529b4d41/modules.json "HTTP/1.1 200 OK"
2026-08-05 22:29:14,314 | INFO | httpx | HTTP Request: HEAD https://huggingface.co/sentence-transformers/all-MiniLM-L6-v2/resolve/main/config_sentence_transformers.json "HTTP/1.1 307 Temporary Redirect"
2026-08-05 22:29:14,330 | INFO | httpx | HTTP Request: HEAD https://huggingface.co/api/resolve-cache/models/sentence-transformers/all-MiniLM-L6-v2/1110a243fdf4706b3f48f1d95db1a4f5529b4d41/config_sentence_transformers.json "HTTP/1.1 200 OK"
2026-08-05 22:29:14,336 | INFO | sentence_transformers.base.model | Loading SentenceTransformer model from sentence-transformers/all-MiniLM-L6-v2.
2026-08-05 22:29:14,619 | INFO | httpx | HTTP Request: HEAD https://huggingface.co/sentence-transformers/all-MiniLM-L6-v2/resolve/main/config_sentence_transformers.json "HTTP/1.1 307 Temporary Redirect"
2026-08-05 22:29:14,642 | INFO | httpx | HTTP Request: HEAD https://huggingface.co/api/resolve-cache/models/sentence-transformers/all-MiniLM-L6-v2/1110a243fdf4706b3f48f1d95db1a4f5529b4d41/config_sentence_transformers.json "HTTP/1.1 200 OK"
2026-08-05 22:29:14,931 | INFO | httpx | HTTP Request: HEAD https://huggingface.co/sentence-transformers/all-MiniLM-L6-v2/resolve/main/README.md "HTTP/1.1 307 Temporary Redirect"
2026-08-05 22:29:14,952 | INFO | httpx | HTTP Request: HEAD https://huggingface.co/api/resolve-cache/models/sentence-transformers/all-MiniLM-L6-v2/1110a243fdf4706b3f48f1d95db1a4f5529b4d41/README.md "HTTP/1.1 200 OK"
2026-08-05 22:29:15,237 | INFO | httpx | HTTP Request: HEAD https://huggingface.co/sentence-transformers/all-MiniLM-L6-v2/resolve/main/modules.json "HTTP/1.1 307 Temporary Redirect"
2026-08-05 22:29:15,264 | INFO | httpx | HTTP Request: HEAD https://huggingface.co/api/resolve-cache/models/sentence-transformers/all-MiniLM-L6-v2/1110a243fdf4706b3f48f1d95db1a4f5529b4d41/modules.json "HTTP/1.1 200 OK"
2026-08-05 22:29:15,543 | INFO | httpx | HTTP Request: HEAD https://huggingface.co/sentence-transformers/all-MiniLM-L6-v2/resolve/main/sentence_bert_config.json "HTTP/1.1 307 Temporary Redirect"
2026-08-05 22:29:15,563 | INFO | httpx | HTTP Request: HEAD https://huggingface.co/api/resolve-cache/models/sentence-transformers/all-MiniLM-L6-v2/1110a243fdf4706b3f48f1d95db1a4f5529b4d41/sentence_bert_config.json "HTTP/1.1 200 OK"
2026-08-05 22:29:15,846 | INFO | httpx | HTTP Request: HEAD https://huggingface.co/sentence-transformers/all-MiniLM-L6-v2/resolve/main/adapter_config.json "HTTP/1.1 404 Not Found"
2026-08-05 22:29:16,116 | INFO | httpx | HTTP Request: HEAD https://huggingface.co/sentence-transformers/all-MiniLM-L6-v2/resolve/main/config.json "HTTP/1.1 307 Temporary Redirect"
2026-08-05 22:29:16,135 | INFO | httpx | HTTP Request: HEAD https://huggingface.co/api/resolve-cache/models/sentence-transformers/all-MiniLM-L6-v2/1110a243fdf4706b3f48f1d95db1a4f5529b4d41/config.json "HTTP/1.1 200 OK"
2026-08-05 22:29:16,551 | INFO | httpx | HTTP Request: HEAD https://huggingface.co/sentence-transformers/all-MiniLM-L6-v2/resolve/main/processor_config.json "HTTP/1.1 404 Not Found"
2026-08-05 22:29:16,829 | INFO | httpx | HTTP Request: HEAD https://huggingface.co/sentence-transformers/all-MiniLM-L6-v2/resolve/main/preprocessor_config.json "HTTP/1.1 404 Not Found"
2026-08-05 22:29:17,110 | INFO | httpx | HTTP Request: HEAD https://huggingface.co/sentence-transformers/all-MiniLM-L6-v2/resolve/main/video_preprocessor_config.json "HTTP/1.1 404 Not Found"
2026-08-05 22:29:17,385 | INFO | httpx | HTTP Request: HEAD https://huggingface.co/sentence-transformers/all-MiniLM-L6-v2/resolve/main/preprocessor_config.json "HTTP/1.1 404 Not Found"
2026-08-05 22:29:17,650 | INFO | httpx | HTTP Request: HEAD https://huggingface.co/sentence-transformers/all-MiniLM-L6-v2/resolve/main/tokenizer_config.json "HTTP/1.1 307 Temporary Redirect"
2026-08-05 22:29:17,666 | INFO | httpx | HTTP Request: HEAD https://huggingface.co/api/resolve-cache/models/sentence-transformers/all-MiniLM-L6-v2/1110a243fdf4706b3f48f1d95db1a4f5529b4d41/tokenizer_config.json "HTTP/1.1 200 OK"
2026-08-05 22:29:17,947 | INFO | httpx | HTTP Request: HEAD https://huggingface.co/sentence-transformers/all-MiniLM-L6-v2/resolve/main/config.json "HTTP/1.1 307 Temporary Redirect"
2026-08-05 22:29:17,964 | INFO | httpx | HTTP Request: HEAD https://huggingface.co/api/resolve-cache/models/sentence-transformers/all-MiniLM-L6-v2/1110a243fdf4706b3f48f1d95db1a4f5529b4d41/config.json "HTTP/1.1 200 OK"
2026-08-05 22:29:18,236 | INFO | httpx | HTTP Request: HEAD https://huggingface.co/sentence-transformers/all-MiniLM-L6-v2/resolve/main/config.json "HTTP/1.1 307 Temporary Redirect"
2026-08-05 22:29:18,246 | INFO | httpx | HTTP Request: HEAD https://huggingface.co/api/resolve-cache/models/sentence-transformers/all-MiniLM-L6-v2/1110a243fdf4706b3f48f1d95db1a4f5529b4d41/config.json "HTTP/1.1 200 OK"
2026-08-05 22:29:18,526 | INFO | httpx | HTTP Request: HEAD https://huggingface.co/sentence-transformers/all-MiniLM-L6-v2/resolve/main/tokenizer_config.json "HTTP/1.1 307 Temporary Redirect"
2026-08-05 22:29:18,536 | INFO | httpx | HTTP Request: HEAD https://huggingface.co/api/resolve-cache/models/sentence-transformers/all-MiniLM-L6-v2/1110a243fdf4706b3f48f1d95db1a4f5529b4d41/tokenizer_config.json "HTTP/1.1 200 OK"
2026-08-05 22:29:18,818 | INFO | httpx | HTTP Request: GET https://huggingface.co/api/models/sentence-transformers/all-MiniLM-L6-v2/tree/main/additional_chat_templates?recursive=false&expand=false "HTTP/1.1 404 Not Found"
2026-08-05 22:29:19,089 | INFO | httpx | HTTP Request: GET https://huggingface.co/api/models/sentence-transformers/all-MiniLM-L6-v2/tree/main?recursive=true&expand=false "HTTP/1.1 200 OK"
2026-08-05 22:29:19,415 | INFO | httpx | HTTP Request: HEAD https://huggingface.co/sentence-transformers/all-MiniLM-L6-v2/resolve/main/1_Pooling/config.json "HTTP/1.1 307 Temporary Redirect"
2026-08-05 22:29:19,428 | INFO | httpx | HTTP Request: HEAD https://huggingface.co/api/resolve-cache/models/sentence-transformers/all-MiniLM-L6-v2/1110a243fdf4706b3f48f1d95db1a4f5529b4d41/1_Pooling%2Fconfig.json "HTTP/1.1 200 OK"
2026-08-05 22:29:19,706 | INFO | httpx | HTTP Request: GET https://huggingface.co/api/models/sentence-transformers/all-MiniLM-L6-v2 "HTTP/1.1 200 OK"
2026-08-05 22:29:19,719 | INFO | CloudMentorAI | Loaded embedding model: sentence-transformers/all-MiniLM-L6-v2
2026-08-05 22:29:21,336 | INFO | CloudMentorAI | Generated 86 embeddings
2026-08-05 22:29:29,515 | INFO | CloudMentorAI | Vector collection initialized: cloudmentor
2026-08-05 22:29:29,573 | INFO | CloudMentorAI | Stored 86 chunks into vector database
2026-08-05 22:33:27,337 | INFO | CloudMentorAI | Vector collection initialized: cloudmentor
2026-08-05 22:33:27,338 | INFO | sentence_transformers.base.model | No device provided, using cpu
2026-08-05 22:33:27,980 | INFO | httpx | HTTP Request: HEAD https://huggingface.co/sentence-transformers/all-MiniLM-L6-v2/resolve/main/modules.json "HTTP/1.1 307 Temporary Redirect"
2026-08-05 22:33:27,982 | WARNING | huggingface_hub.utils._http | Warning: You are sending unauthenticated requests to the HF Hub. Please set a HF_TOKEN to enable higher rate limits and faster downloads.
2026-08-05 22:33:27,995 | INFO | httpx | HTTP Request: HEAD https://huggingface.co/api/resolve-cache/models/sentence-transformers/all-MiniLM-L6-v2/1110a243fdf4706b3f48f1d95db1a4f5529b4d41/modules.json "HTTP/1.1 200 OK"
2026-08-05 22:33:28,264 | INFO | httpx | HTTP Request: HEAD https://huggingface.co/sentence-transformers/all-MiniLM-L6-v2/resolve/main/config_sentence_transformers.json "HTTP/1.1 307 Temporary Redirect"
2026-08-05 22:33:28,276 | INFO | httpx | HTTP Request: HEAD https://huggingface.co/api/resolve-cache/models/sentence-transformers/all-MiniLM-L6-v2/1110a243fdf4706b3f48f1d95db1a4f5529b4d41/config_sentence_transformers.json "HTTP/1.1 200 OK"
2026-08-05 22:33:28,279 | INFO | sentence_transformers.base.model | Loading SentenceTransformer model from sentence-transformers/all-MiniLM-L6-v2.
2026-08-05 22:33:28,551 | INFO | httpx | HTTP Request: HEAD https://huggingface.co/sentence-transformers/all-MiniLM-L6-v2/resolve/main/config_sentence_transformers.json "HTTP/1.1 307 Temporary Redirect"
2026-08-05 22:33:28,558 | INFO | httpx | HTTP Request: HEAD https://huggingface.co/api/resolve-cache/models/sentence-transformers/all-MiniLM-L6-v2/1110a243fdf4706b3f48f1d95db1a4f5529b4d41/config_sentence_transformers.json "HTTP/1.1 200 OK"
2026-08-05 22:33:28,832 | INFO | httpx | HTTP Request: HEAD https://huggingface.co/sentence-transformers/all-MiniLM-L6-v2/resolve/main/README.md "HTTP/1.1 307 Temporary Redirect"
2026-08-05 22:33:28,845 | INFO | httpx | HTTP Request: HEAD https://huggingface.co/api/resolve-cache/models/sentence-transformers/all-MiniLM-L6-v2/1110a243fdf4706b3f48f1d95db1a4f5529b4d41/README.md "HTTP/1.1 200 OK"
2026-08-05 22:33:29,119 | INFO | httpx | HTTP Request: HEAD https://huggingface.co/sentence-transformers/all-MiniLM-L6-v2/resolve/main/modules.json "HTTP/1.1 307 Temporary Redirect"
2026-08-05 22:33:29,137 | INFO | httpx | HTTP Request: HEAD https://huggingface.co/api/resolve-cache/models/sentence-transformers/all-MiniLM-L6-v2/1110a243fdf4706b3f48f1d95db1a4f5529b4d41/modules.json "HTTP/1.1 200 OK"
2026-08-05 22:33:29,411 | INFO | httpx | HTTP Request: HEAD https://huggingface.co/sentence-transformers/all-MiniLM-L6-v2/resolve/main/sentence_bert_config.json "HTTP/1.1 307 Temporary Redirect"
2026-08-05 22:33:29,426 | INFO | httpx | HTTP Request: HEAD https://huggingface.co/api/resolve-cache/models/sentence-transformers/all-MiniLM-L6-v2/1110a243fdf4706b3f48f1d95db1a4f5529b4d41/sentence_bert_config.json "HTTP/1.1 200 OK"
2026-08-05 22:33:29,698 | INFO | httpx | HTTP Request: HEAD https://huggingface.co/sentence-transformers/all-MiniLM-L6-v2/resolve/main/adapter_config.json "HTTP/1.1 404 Not Found"
2026-08-05 22:33:29,971 | INFO | httpx | HTTP Request: HEAD https://huggingface.co/sentence-transformers/all-MiniLM-L6-v2/resolve/main/config.json "HTTP/1.1 307 Temporary Redirect"
2026-08-05 22:33:29,983 | INFO | httpx | HTTP Request: HEAD https://huggingface.co/api/resolve-cache/models/sentence-transformers/all-MiniLM-L6-v2/1110a243fdf4706b3f48f1d95db1a4f5529b4d41/config.json "HTTP/1.1 200 OK"
2026-08-05 22:33:30,504 | INFO | httpx | HTTP Request: HEAD https://huggingface.co/sentence-transformers/all-MiniLM-L6-v2/resolve/main/processor_config.json "HTTP/1.1 404 Not Found"
2026-08-05 22:33:30,786 | INFO | httpx | HTTP Request: HEAD https://huggingface.co/sentence-transformers/all-MiniLM-L6-v2/resolve/main/preprocessor_config.json "HTTP/1.1 404 Not Found"
2026-08-05 22:33:31,056 | INFO | httpx | HTTP Request: HEAD https://huggingface.co/sentence-transformers/all-MiniLM-L6-v2/resolve/main/video_preprocessor_config.json "HTTP/1.1 404 Not Found"
2026-08-05 22:33:31,339 | INFO | httpx | HTTP Request: HEAD https://huggingface.co/sentence-transformers/all-MiniLM-L6-v2/resolve/main/preprocessor_config.json "HTTP/1.1 404 Not Found"
2026-08-05 22:33:31,612 | INFO | httpx | HTTP Request: HEAD https://huggingface.co/sentence-transformers/all-MiniLM-L6-v2/resolve/main/tokenizer_config.json "HTTP/1.1 307 Temporary Redirect"
2026-08-05 22:33:31,628 | INFO | httpx | HTTP Request: HEAD https://huggingface.co/api/resolve-cache/models/sentence-transformers/all-MiniLM-L6-v2/1110a243fdf4706b3f48f1d95db1a4f5529b4d41/tokenizer_config.json "HTTP/1.1 200 OK"
2026-08-05 22:33:31,909 | INFO | httpx | HTTP Request: HEAD https://huggingface.co/sentence-transformers/all-MiniLM-L6-v2/resolve/main/config.json "HTTP/1.1 307 Temporary Redirect"
2026-08-05 22:33:31,918 | INFO | httpx | HTTP Request: HEAD https://huggingface.co/api/resolve-cache/models/sentence-transformers/all-MiniLM-L6-v2/1110a243fdf4706b3f48f1d95db1a4f5529b4d41/config.json "HTTP/1.1 200 OK"
2026-08-05 22:33:32,191 | INFO | httpx | HTTP Request: HEAD https://huggingface.co/sentence-transformers/all-MiniLM-L6-v2/resolve/main/config.json "HTTP/1.1 307 Temporary Redirect"
2026-08-05 22:33:32,204 | INFO | httpx | HTTP Request: HEAD https://huggingface.co/api/resolve-cache/models/sentence-transformers/all-MiniLM-L6-v2/1110a243fdf4706b3f48f1d95db1a4f5529b4d41/config.json "HTTP/1.1 200 OK"
2026-08-05 22:33:32,498 | INFO | httpx | HTTP Request: HEAD https://huggingface.co/sentence-transformers/all-MiniLM-L6-v2/resolve/main/tokenizer_config.json "HTTP/1.1 307 Temporary Redirect"
2026-08-05 22:33:32,512 | INFO | httpx | HTTP Request: HEAD https://huggingface.co/api/resolve-cache/models/sentence-transformers/all-MiniLM-L6-v2/1110a243fdf4706b3f48f1d95db1a4f5529b4d41/tokenizer_config.json "HTTP/1.1 200 OK"
2026-08-05 22:33:32,826 | INFO | httpx | HTTP Request: GET https://huggingface.co/api/models/sentence-transformers/all-MiniLM-L6-v2/tree/main/additional_chat_templates?recursive=false&expand=false "HTTP/1.1 404 Not Found"
2026-08-05 22:33:33,137 | INFO | httpx | HTTP Request: GET https://huggingface.co/api/models/sentence-transformers/all-MiniLM-L6-v2/tree/main?recursive=true&expand=false "HTTP/1.1 200 OK"
2026-08-05 22:33:33,485 | INFO | httpx | HTTP Request: HEAD https://huggingface.co/sentence-transformers/all-MiniLM-L6-v2/resolve/main/1_Pooling/config.json "HTTP/1.1 307 Temporary Redirect"
2026-08-05 22:33:33,496 | INFO | httpx | HTTP Request: HEAD https://huggingface.co/api/resolve-cache/models/sentence-transformers/all-MiniLM-L6-v2/1110a243fdf4706b3f48f1d95db1a4f5529b4d41/1_Pooling%2Fconfig.json "HTTP/1.1 200 OK"
2026-08-05 22:33:33,764 | INFO | httpx | HTTP Request: GET https://huggingface.co/api/models/sentence-transformers/all-MiniLM-L6-v2 "HTTP/1.1 200 OK"
2026-08-05 22:33:33,956 | INFO | CloudMentorAI | Retrieved 3 documents
2026-08-05 22:39:04,078 | INFO | CloudMentorAI | Vector collection initialized: cloudmentor
2026-08-05 22:39:04,079 | INFO | sentence_transformers.base.model | No device provided, using cpu
2026-08-05 22:39:04,602 | INFO | httpx | HTTP Request: HEAD https://huggingface.co/sentence-transformers/all-MiniLM-L6-v2/resolve/main/modules.json "HTTP/1.1 307 Temporary Redirect"
2026-08-05 22:39:04,629 | INFO | httpx | HTTP Request: HEAD https://huggingface.co/api/resolve-cache/models/sentence-transformers/all-MiniLM-L6-v2/1110a243fdf4706b3f48f1d95db1a4f5529b4d41/modules.json "HTTP/1.1 200 OK"
2026-08-05 22:39:04,911 | INFO | httpx | HTTP Request: HEAD https://huggingface.co/sentence-transformers/all-MiniLM-L6-v2/resolve/main/config_sentence_transformers.json "HTTP/1.1 307 Temporary Redirect"
2026-08-05 22:39:04,912 | WARNING | huggingface_hub.utils._http | Warning: You are sending unauthenticated requests to the HF Hub. Please set a HF_TOKEN to enable higher rate limits and faster downloads.
2026-08-05 22:39:04,949 | INFO | httpx | HTTP Request: HEAD https://huggingface.co/api/resolve-cache/models/sentence-transformers/all-MiniLM-L6-v2/1110a243fdf4706b3f48f1d95db1a4f5529b4d41/config_sentence_transformers.json "HTTP/1.1 200 OK"
2026-08-05 22:39:04,955 | INFO | sentence_transformers.base.model | Loading SentenceTransformer model from sentence-transformers/all-MiniLM-L6-v2.
2026-08-05 22:39:05,231 | INFO | httpx | HTTP Request: HEAD https://huggingface.co/sentence-transformers/all-MiniLM-L6-v2/resolve/main/config_sentence_transformers.json "HTTP/1.1 307 Temporary Redirect"
2026-08-05 22:39:05,245 | INFO | httpx | HTTP Request: HEAD https://huggingface.co/api/resolve-cache/models/sentence-transformers/all-MiniLM-L6-v2/1110a243fdf4706b3f48f1d95db1a4f5529b4d41/config_sentence_transformers.json "HTTP/1.1 200 OK"
2026-08-05 22:39:05,524 | INFO | httpx | HTTP Request: HEAD https://huggingface.co/sentence-transformers/all-MiniLM-L6-v2/resolve/main/README.md "HTTP/1.1 307 Temporary Redirect"
2026-08-05 22:39:05,540 | INFO | httpx | HTTP Request: HEAD https://huggingface.co/api/resolve-cache/models/sentence-transformers/all-MiniLM-L6-v2/1110a243fdf4706b3f48f1d95db1a4f5529b4d41/README.md "HTTP/1.1 200 OK"
2026-08-05 22:39:05,823 | INFO | httpx | HTTP Request: HEAD https://huggingface.co/sentence-transformers/all-MiniLM-L6-v2/resolve/main/modules.json "HTTP/1.1 307 Temporary Redirect"
2026-08-05 22:39:05,853 | INFO | httpx | HTTP Request: HEAD https://huggingface.co/api/resolve-cache/models/sentence-transformers/all-MiniLM-L6-v2/1110a243fdf4706b3f48f1d95db1a4f5529b4d41/modules.json "HTTP/1.1 200 OK"
2026-08-05 22:39:06,141 | INFO | httpx | HTTP Request: HEAD https://huggingface.co/sentence-transformers/all-MiniLM-L6-v2/resolve/main/sentence_bert_config.json "HTTP/1.1 307 Temporary Redirect"
2026-08-05 22:39:06,156 | INFO | httpx | HTTP Request: HEAD https://huggingface.co/api/resolve-cache/models/sentence-transformers/all-MiniLM-L6-v2/1110a243fdf4706b3f48f1d95db1a4f5529b4d41/sentence_bert_config.json "HTTP/1.1 200 OK"
2026-08-05 22:39:06,435 | INFO | httpx | HTTP Request: HEAD https://huggingface.co/sentence-transformers/all-MiniLM-L6-v2/resolve/main/adapter_config.json "HTTP/1.1 404 Not Found"
2026-08-05 22:39:06,717 | INFO | httpx | HTTP Request: HEAD https://huggingface.co/sentence-transformers/all-MiniLM-L6-v2/resolve/main/config.json "HTTP/1.1 307 Temporary Redirect"
2026-08-05 22:39:06,736 | INFO | httpx | HTTP Request: HEAD https://huggingface.co/api/resolve-cache/models/sentence-transformers/all-MiniLM-L6-v2/1110a243fdf4706b3f48f1d95db1a4f5529b4d41/config.json "HTTP/1.1 200 OK"
2026-08-05 22:39:07,402 | INFO | httpx | HTTP Request: HEAD https://huggingface.co/sentence-transformers/all-MiniLM-L6-v2/resolve/main/processor_config.json "HTTP/1.1 404 Not Found"
2026-08-05 22:39:07,689 | INFO | httpx | HTTP Request: HEAD https://huggingface.co/sentence-transformers/all-MiniLM-L6-v2/resolve/main/preprocessor_config.json "HTTP/1.1 404 Not Found"
2026-08-05 22:39:07,968 | INFO | httpx | HTTP Request: HEAD https://huggingface.co/sentence-transformers/all-MiniLM-L6-v2/resolve/main/video_preprocessor_config.json "HTTP/1.1 404 Not Found"
2026-08-05 22:39:08,244 | INFO | httpx | HTTP Request: HEAD https://huggingface.co/sentence-transformers/all-MiniLM-L6-v2/resolve/main/preprocessor_config.json "HTTP/1.1 404 Not Found"
2026-08-05 22:39:08,536 | INFO | httpx | HTTP Request: HEAD https://huggingface.co/sentence-transformers/all-MiniLM-L6-v2/resolve/main/tokenizer_config.json "HTTP/1.1 307 Temporary Redirect"
2026-08-05 22:39:08,565 | INFO | httpx | HTTP Request: HEAD https://huggingface.co/api/resolve-cache/models/sentence-transformers/all-MiniLM-L6-v2/1110a243fdf4706b3f48f1d95db1a4f5529b4d41/tokenizer_config.json "HTTP/1.1 200 OK"
2026-08-05 22:39:08,840 | INFO | httpx | HTTP Request: HEAD https://huggingface.co/sentence-transformers/all-MiniLM-L6-v2/resolve/main/config.json "HTTP/1.1 307 Temporary Redirect"
2026-08-05 22:39:08,856 | INFO | httpx | HTTP Request: HEAD https://huggingface.co/api/resolve-cache/models/sentence-transformers/all-MiniLM-L6-v2/1110a243fdf4706b3f48f1d95db1a4f5529b4d41/config.json "HTTP/1.1 200 OK"
2026-08-05 22:39:09,139 | INFO | httpx | HTTP Request: HEAD https://huggingface.co/sentence-transformers/all-MiniLM-L6-v2/resolve/main/config.json "HTTP/1.1 307 Temporary Redirect"
2026-08-05 22:39:09,154 | INFO | httpx | HTTP Request: HEAD https://huggingface.co/api/resolve-cache/models/sentence-transformers/all-MiniLM-L6-v2/1110a243fdf4706b3f48f1d95db1a4f5529b4d41/config.json "HTTP/1.1 200 OK"
2026-08-05 22:39:09,437 | INFO | httpx | HTTP Request: HEAD https://huggingface.co/sentence-transformers/all-MiniLM-L6-v2/resolve/main/tokenizer_config.json "HTTP/1.1 307 Temporary Redirect"
2026-08-05 22:39:09,453 | INFO | httpx | HTTP Request: HEAD https://huggingface.co/api/resolve-cache/models/sentence-transformers/all-MiniLM-L6-v2/1110a243fdf4706b3f48f1d95db1a4f5529b4d41/tokenizer_config.json "HTTP/1.1 200 OK"
2026-08-05 22:39:09,742 | INFO | httpx | HTTP Request: GET https://huggingface.co/api/models/sentence-transformers/all-MiniLM-L6-v2/tree/main/additional_chat_templates?recursive=false&expand=false "HTTP/1.1 404 Not Found"
2026-08-05 22:39:10,032 | INFO | httpx | HTTP Request: GET https://huggingface.co/api/models/sentence-transformers/all-MiniLM-L6-v2/tree/main?recursive=true&expand=false "HTTP/1.1 200 OK"
2026-08-05 22:39:10,351 | INFO | httpx | HTTP Request: HEAD https://huggingface.co/sentence-transformers/all-MiniLM-L6-v2/resolve/main/1_Pooling/config.json "HTTP/1.1 307 Temporary Redirect"
2026-08-05 22:39:10,375 | INFO | httpx | HTTP Request: HEAD https://huggingface.co/api/resolve-cache/models/sentence-transformers/all-MiniLM-L6-v2/1110a243fdf4706b3f48f1d95db1a4f5529b4d41/1_Pooling%2Fconfig.json "HTTP/1.1 200 OK"
2026-08-05 22:39:10,665 | INFO | httpx | HTTP Request: GET https://huggingface.co/api/models/sentence-transformers/all-MiniLM-L6-v2 "HTTP/1.1 200 OK"
2026-08-05 22:39:10,813 | INFO | CloudMentorAI | Retrieved 10 documents
2026-08-05 22:42:09,837 | INFO | CloudMentorAI | Vector collection initialized: cloudmentor
2026-08-05 22:42:09,838 | INFO | sentence_transformers.base.model | No device provided, using cpu
2026-08-05 22:42:10,349 | INFO | httpx | HTTP Request: HEAD https://huggingface.co/sentence-transformers/all-MiniLM-L6-v2/resolve/main/modules.json "HTTP/1.1 307 Temporary Redirect"
2026-08-05 22:42:10,352 | WARNING | huggingface_hub.utils._http | Warning: You are sending unauthenticated requests to the HF Hub. Please set a HF_TOKEN to enable higher rate limits and faster downloads.
2026-08-05 22:42:10,365 | INFO | httpx | HTTP Request: HEAD https://huggingface.co/api/resolve-cache/models/sentence-transformers/all-MiniLM-L6-v2/1110a243fdf4706b3f48f1d95db1a4f5529b4d41/modules.json "HTTP/1.1 200 OK"
2026-08-05 22:42:10,638 | INFO | httpx | HTTP Request: HEAD https://huggingface.co/sentence-transformers/all-MiniLM-L6-v2/resolve/main/config_sentence_transformers.json "HTTP/1.1 307 Temporary Redirect"
2026-08-05 22:42:10,663 | INFO | httpx | HTTP Request: HEAD https://huggingface.co/api/resolve-cache/models/sentence-transformers/all-MiniLM-L6-v2/1110a243fdf4706b3f48f1d95db1a4f5529b4d41/config_sentence_transformers.json "HTTP/1.1 200 OK"
2026-08-05 22:42:10,669 | INFO | sentence_transformers.base.model | Loading SentenceTransformer model from sentence-transformers/all-MiniLM-L6-v2.
2026-08-05 22:42:11,010 | INFO | httpx | HTTP Request: HEAD https://huggingface.co/sentence-transformers/all-MiniLM-L6-v2/resolve/main/config_sentence_transformers.json "HTTP/1.1 307 Temporary Redirect"
2026-08-05 22:42:11,027 | INFO | httpx | HTTP Request: HEAD https://huggingface.co/api/resolve-cache/models/sentence-transformers/all-MiniLM-L6-v2/1110a243fdf4706b3f48f1d95db1a4f5529b4d41/config_sentence_transformers.json "HTTP/1.1 200 OK"
2026-08-05 22:42:11,299 | INFO | httpx | HTTP Request: HEAD https://huggingface.co/sentence-transformers/all-MiniLM-L6-v2/resolve/main/README.md "HTTP/1.1 307 Temporary Redirect"
2026-08-05 22:42:11,309 | INFO | httpx | HTTP Request: HEAD https://huggingface.co/api/resolve-cache/models/sentence-transformers/all-MiniLM-L6-v2/1110a243fdf4706b3f48f1d95db1a4f5529b4d41/README.md "HTTP/1.1 200 OK"
2026-08-05 22:42:11,593 | INFO | httpx | HTTP Request: HEAD https://huggingface.co/sentence-transformers/all-MiniLM-L6-v2/resolve/main/modules.json "HTTP/1.1 307 Temporary Redirect"
2026-08-05 22:42:11,609 | INFO | httpx | HTTP Request: HEAD https://huggingface.co/api/resolve-cache/models/sentence-transformers/all-MiniLM-L6-v2/1110a243fdf4706b3f48f1d95db1a4f5529b4d41/modules.json "HTTP/1.1 200 OK"
2026-08-05 22:42:11,887 | INFO | httpx | HTTP Request: HEAD https://huggingface.co/sentence-transformers/all-MiniLM-L6-v2/resolve/main/sentence_bert_config.json "HTTP/1.1 307 Temporary Redirect"
2026-08-05 22:42:11,903 | INFO | httpx | HTTP Request: HEAD https://huggingface.co/api/resolve-cache/models/sentence-transformers/all-MiniLM-L6-v2/1110a243fdf4706b3f48f1d95db1a4f5529b4d41/sentence_bert_config.json "HTTP/1.1 200 OK"
2026-08-05 22:42:12,195 | INFO | httpx | HTTP Request: HEAD https://huggingface.co/sentence-transformers/all-MiniLM-L6-v2/resolve/main/adapter_config.json "HTTP/1.1 404 Not Found"
2026-08-05 22:42:12,469 | INFO | httpx | HTTP Request: HEAD https://huggingface.co/sentence-transformers/all-MiniLM-L6-v2/resolve/main/config.json "HTTP/1.1 307 Temporary Redirect"
2026-08-05 22:42:12,485 | INFO | httpx | HTTP Request: HEAD https://huggingface.co/api/resolve-cache/models/sentence-transformers/all-MiniLM-L6-v2/1110a243fdf4706b3f48f1d95db1a4f5529b4d41/config.json "HTTP/1.1 200 OK"
2026-08-05 22:42:13,209 | INFO | httpx | HTTP Request: HEAD https://huggingface.co/sentence-transformers/all-MiniLM-L6-v2/resolve/main/processor_config.json "HTTP/1.1 404 Not Found"
2026-08-05 22:42:13,481 | INFO | httpx | HTTP Request: HEAD https://huggingface.co/sentence-transformers/all-MiniLM-L6-v2/resolve/main/preprocessor_config.json "HTTP/1.1 404 Not Found"
2026-08-05 22:42:13,772 | INFO | httpx | HTTP Request: HEAD https://huggingface.co/sentence-transformers/all-MiniLM-L6-v2/resolve/main/video_preprocessor_config.json "HTTP/1.1 404 Not Found"
2026-08-05 22:42:14,057 | INFO | httpx | HTTP Request: HEAD https://huggingface.co/sentence-transformers/all-MiniLM-L6-v2/resolve/main/preprocessor_config.json "HTTP/1.1 404 Not Found"
2026-08-05 22:42:14,343 | INFO | httpx | HTTP Request: HEAD https://huggingface.co/sentence-transformers/all-MiniLM-L6-v2/resolve/main/tokenizer_config.json "HTTP/1.1 307 Temporary Redirect"
2026-08-05 22:42:14,355 | INFO | httpx | HTTP Request: HEAD https://huggingface.co/api/resolve-cache/models/sentence-transformers/all-MiniLM-L6-v2/1110a243fdf4706b3f48f1d95db1a4f5529b4d41/tokenizer_config.json "HTTP/1.1 200 OK"
2026-08-05 22:42:14,639 | INFO | httpx | HTTP Request: HEAD https://huggingface.co/sentence-transformers/all-MiniLM-L6-v2/resolve/main/config.json "HTTP/1.1 307 Temporary Redirect"
2026-08-05 22:42:14,655 | INFO | httpx | HTTP Request: HEAD https://huggingface.co/api/resolve-cache/models/sentence-transformers/all-MiniLM-L6-v2/1110a243fdf4706b3f48f1d95db1a4f5529b4d41/config.json "HTTP/1.1 200 OK"
2026-08-05 22:42:14,937 | INFO | httpx | HTTP Request: HEAD https://huggingface.co/sentence-transformers/all-MiniLM-L6-v2/resolve/main/config.json "HTTP/1.1 307 Temporary Redirect"
2026-08-05 22:42:14,953 | INFO | httpx | HTTP Request: HEAD https://huggingface.co/api/resolve-cache/models/sentence-transformers/all-MiniLM-L6-v2/1110a243fdf4706b3f48f1d95db1a4f5529b4d41/config.json "HTTP/1.1 200 OK"
2026-08-05 22:42:15,240 | INFO | httpx | HTTP Request: HEAD https://huggingface.co/sentence-transformers/all-MiniLM-L6-v2/resolve/main/tokenizer_config.json "HTTP/1.1 307 Temporary Redirect"
2026-08-05 22:42:15,261 | INFO | httpx | HTTP Request: HEAD https://huggingface.co/api/resolve-cache/models/sentence-transformers/all-MiniLM-L6-v2/1110a243fdf4706b3f48f1d95db1a4f5529b4d41/tokenizer_config.json "HTTP/1.1 200 OK"
2026-08-05 22:42:15,546 | INFO | httpx | HTTP Request: GET https://huggingface.co/api/models/sentence-transformers/all-MiniLM-L6-v2/tree/main/additional_chat_templates?recursive=false&expand=false "HTTP/1.1 404 Not Found"
2026-08-05 22:42:15,882 | INFO | httpx | HTTP Request: GET https://huggingface.co/api/models/sentence-transformers/all-MiniLM-L6-v2/tree/main?recursive=true&expand=false "HTTP/1.1 200 OK"
2026-08-05 22:42:16,221 | INFO | httpx | HTTP Request: HEAD https://huggingface.co/sentence-transformers/all-MiniLM-L6-v2/resolve/main/1_Pooling/config.json "HTTP/1.1 307 Temporary Redirect"
2026-08-05 22:42:16,239 | INFO | httpx | HTTP Request: HEAD https://huggingface.co/api/resolve-cache/models/sentence-transformers/all-MiniLM-L6-v2/1110a243fdf4706b3f48f1d95db1a4f5529b4d41/1_Pooling%2Fconfig.json "HTTP/1.1 200 OK"
2026-08-05 22:42:16,520 | INFO | httpx | HTTP Request: GET https://huggingface.co/api/models/sentence-transformers/all-MiniLM-L6-v2 "HTTP/1.1 200 OK"
2026-08-05 22:42:16,598 | INFO | CloudMentorAI | Retrieved 10 documents
2026-08-05 22:46:10,324 | INFO | CloudMentorAI | Vector collection initialized: cloudmentor
2026-08-05 22:46:10,325 | INFO | sentence_transformers.base.model | No device provided, using cpu
2026-08-05 22:46:10,805 | INFO | httpx | HTTP Request: HEAD https://huggingface.co/sentence-transformers/all-MiniLM-L6-v2/resolve/main/modules.json "HTTP/1.1 307 Temporary Redirect"
2026-08-05 22:46:10,806 | WARNING | huggingface_hub.utils._http | Warning: You are sending unauthenticated requests to the HF Hub. Please set a HF_TOKEN to enable higher rate limits and faster downloads.
2026-08-05 22:46:10,826 | INFO | httpx | HTTP Request: HEAD https://huggingface.co/api/resolve-cache/models/sentence-transformers/all-MiniLM-L6-v2/1110a243fdf4706b3f48f1d95db1a4f5529b4d41/modules.json "HTTP/1.1 200 OK"
2026-08-05 22:46:11,103 | INFO | httpx | HTTP Request: HEAD https://huggingface.co/sentence-transformers/all-MiniLM-L6-v2/resolve/main/config_sentence_transformers.json "HTTP/1.1 307 Temporary Redirect"
2026-08-05 22:46:11,116 | INFO | httpx | HTTP Request: HEAD https://huggingface.co/api/resolve-cache/models/sentence-transformers/all-MiniLM-L6-v2/1110a243fdf4706b3f48f1d95db1a4f5529b4d41/config_sentence_transformers.json "HTTP/1.1 200 OK"
2026-08-05 22:46:11,119 | INFO | sentence_transformers.base.model | Loading SentenceTransformer model from sentence-transformers/all-MiniLM-L6-v2.
2026-08-05 22:46:11,413 | INFO | httpx | HTTP Request: HEAD https://huggingface.co/sentence-transformers/all-MiniLM-L6-v2/resolve/main/config_sentence_transformers.json "HTTP/1.1 307 Temporary Redirect"
2026-08-05 22:46:11,427 | INFO | httpx | HTTP Request: HEAD https://huggingface.co/api/resolve-cache/models/sentence-transformers/all-MiniLM-L6-v2/1110a243fdf4706b3f48f1d95db1a4f5529b4d41/config_sentence_transformers.json "HTTP/1.1 200 OK"
2026-08-05 22:46:11,701 | INFO | httpx | HTTP Request: HEAD https://huggingface.co/sentence-transformers/all-MiniLM-L6-v2/resolve/main/README.md "HTTP/1.1 307 Temporary Redirect"
2026-08-05 22:46:11,712 | INFO | httpx | HTTP Request: HEAD https://huggingface.co/api/resolve-cache/models/sentence-transformers/all-MiniLM-L6-v2/1110a243fdf4706b3f48f1d95db1a4f5529b4d41/README.md "HTTP/1.1 200 OK"
2026-08-05 22:46:11,994 | INFO | httpx | HTTP Request: HEAD https://huggingface.co/sentence-transformers/all-MiniLM-L6-v2/resolve/main/modules.json "HTTP/1.1 307 Temporary Redirect"
2026-08-05 22:46:12,010 | INFO | httpx | HTTP Request: HEAD https://huggingface.co/api/resolve-cache/models/sentence-transformers/all-MiniLM-L6-v2/1110a243fdf4706b3f48f1d95db1a4f5529b4d41/modules.json "HTTP/1.1 200 OK"
2026-08-05 22:46:12,296 | INFO | httpx | HTTP Request: HEAD https://huggingface.co/sentence-transformers/all-MiniLM-L6-v2/resolve/main/sentence_bert_config.json "HTTP/1.1 307 Temporary Redirect"
2026-08-05 22:46:12,310 | INFO | httpx | HTTP Request: HEAD https://huggingface.co/api/resolve-cache/models/sentence-transformers/all-MiniLM-L6-v2/1110a243fdf4706b3f48f1d95db1a4f5529b4d41/sentence_bert_config.json "HTTP/1.1 200 OK"
2026-08-05 22:46:12,583 | INFO | httpx | HTTP Request: HEAD https://huggingface.co/sentence-transformers/all-MiniLM-L6-v2/resolve/main/adapter_config.json "HTTP/1.1 404 Not Found"
2026-08-05 22:46:12,865 | INFO | httpx | HTTP Request: HEAD https://huggingface.co/sentence-transformers/all-MiniLM-L6-v2/resolve/main/config.json "HTTP/1.1 307 Temporary Redirect"
2026-08-05 22:46:12,876 | INFO | httpx | HTTP Request: HEAD https://huggingface.co/api/resolve-cache/models/sentence-transformers/all-MiniLM-L6-v2/1110a243fdf4706b3f48f1d95db1a4f5529b4d41/config.json "HTTP/1.1 200 OK"
2026-08-05 22:46:13,600 | INFO | httpx | HTTP Request: HEAD https://huggingface.co/sentence-transformers/all-MiniLM-L6-v2/resolve/main/processor_config.json "HTTP/1.1 404 Not Found"
2026-08-05 22:46:13,882 | INFO | httpx | HTTP Request: HEAD https://huggingface.co/sentence-transformers/all-MiniLM-L6-v2/resolve/main/preprocessor_config.json "HTTP/1.1 404 Not Found"
2026-08-05 22:46:14,154 | INFO | httpx | HTTP Request: HEAD https://huggingface.co/sentence-transformers/all-MiniLM-L6-v2/resolve/main/video_preprocessor_config.json "HTTP/1.1 404 Not Found"
2026-08-05 22:46:14,432 | INFO | httpx | HTTP Request: HEAD https://huggingface.co/sentence-transformers/all-MiniLM-L6-v2/resolve/main/preprocessor_config.json "HTTP/1.1 404 Not Found"
2026-08-05 22:46:14,705 | INFO | httpx | HTTP Request: HEAD https://huggingface.co/sentence-transformers/all-MiniLM-L6-v2/resolve/main/tokenizer_config.json "HTTP/1.1 307 Temporary Redirect"
2026-08-05 22:46:14,726 | INFO | httpx | HTTP Request: HEAD https://huggingface.co/api/resolve-cache/models/sentence-transformers/all-MiniLM-L6-v2/1110a243fdf4706b3f48f1d95db1a4f5529b4d41/tokenizer_config.json "HTTP/1.1 200 OK"
2026-08-05 22:46:15,016 | INFO | httpx | HTTP Request: HEAD https://huggingface.co/sentence-transformers/all-MiniLM-L6-v2/resolve/main/config.json "HTTP/1.1 307 Temporary Redirect"
2026-08-05 22:46:15,041 | INFO | httpx | HTTP Request: HEAD https://huggingface.co/api/resolve-cache/models/sentence-transformers/all-MiniLM-L6-v2/1110a243fdf4706b3f48f1d95db1a4f5529b4d41/config.json "HTTP/1.1 200 OK"
2026-08-05 22:46:15,366 | INFO | httpx | HTTP Request: HEAD https://huggingface.co/sentence-transformers/all-MiniLM-L6-v2/resolve/main/config.json "HTTP/1.1 307 Temporary Redirect"
2026-08-05 22:46:15,384 | INFO | httpx | HTTP Request: HEAD https://huggingface.co/api/resolve-cache/models/sentence-transformers/all-MiniLM-L6-v2/1110a243fdf4706b3f48f1d95db1a4f5529b4d41/config.json "HTTP/1.1 200 OK"
2026-08-05 22:46:15,688 | INFO | httpx | HTTP Request: HEAD https://huggingface.co/sentence-transformers/all-MiniLM-L6-v2/resolve/main/tokenizer_config.json "HTTP/1.1 307 Temporary Redirect"
2026-08-05 22:46:15,702 | INFO | httpx | HTTP Request: HEAD https://huggingface.co/api/resolve-cache/models/sentence-transformers/all-MiniLM-L6-v2/1110a243fdf4706b3f48f1d95db1a4f5529b4d41/tokenizer_config.json "HTTP/1.1 200 OK"
2026-08-05 22:46:15,996 | INFO | httpx | HTTP Request: GET https://huggingface.co/api/models/sentence-transformers/all-MiniLM-L6-v2/tree/main/additional_chat_templates?recursive=false&expand=false "HTTP/1.1 404 Not Found"
2026-08-05 22:46:16,276 | INFO | httpx | HTTP Request: GET https://huggingface.co/api/models/sentence-transformers/all-MiniLM-L6-v2/tree/main?recursive=true&expand=false "HTTP/1.1 200 OK"
2026-08-05 22:46:16,610 | INFO | httpx | HTTP Request: HEAD https://huggingface.co/sentence-transformers/all-MiniLM-L6-v2/resolve/main/1_Pooling/config.json "HTTP/1.1 307 Temporary Redirect"
2026-08-05 22:46:16,619 | INFO | httpx | HTTP Request: HEAD https://huggingface.co/api/resolve-cache/models/sentence-transformers/all-MiniLM-L6-v2/1110a243fdf4706b3f48f1d95db1a4f5529b4d41/1_Pooling%2Fconfig.json "HTTP/1.1 200 OK"
2026-08-05 22:46:16,889 | INFO | httpx | HTTP Request: GET https://huggingface.co/api/models/sentence-transformers/all-MiniLM-L6-v2 "HTTP/1.1 200 OK"
2026-08-05 22:46:17,050 | INFO | CloudMentorAI | Retrieved 10 documents
2026-08-05 22:48:53,947 | INFO | CloudMentorAI | Vector collection initialized: cloudmentor
2026-08-05 22:48:53,948 | INFO | sentence_transformers.base.model | No device provided, using cpu
2026-08-05 22:48:54,478 | INFO | httpx | HTTP Request: HEAD https://huggingface.co/sentence-transformers/all-MiniLM-L6-v2/resolve/main/modules.json "HTTP/1.1 307 Temporary Redirect"
2026-08-05 22:48:54,480 | WARNING | huggingface_hub.utils._http | Warning: You are sending unauthenticated requests to the HF Hub. Please set a HF_TOKEN to enable higher rate limits and faster downloads.
2026-08-05 22:48:54,494 | INFO | httpx | HTTP Request: HEAD https://huggingface.co/api/resolve-cache/models/sentence-transformers/all-MiniLM-L6-v2/1110a243fdf4706b3f48f1d95db1a4f5529b4d41/modules.json "HTTP/1.1 200 OK"
2026-08-05 22:48:54,777 | INFO | httpx | HTTP Request: HEAD https://huggingface.co/sentence-transformers/all-MiniLM-L6-v2/resolve/main/config_sentence_transformers.json "HTTP/1.1 307 Temporary Redirect"
2026-08-05 22:48:54,793 | INFO | httpx | HTTP Request: HEAD https://huggingface.co/api/resolve-cache/models/sentence-transformers/all-MiniLM-L6-v2/1110a243fdf4706b3f48f1d95db1a4f5529b4d41/config_sentence_transformers.json "HTTP/1.1 200 OK"
2026-08-05 22:48:54,797 | INFO | sentence_transformers.base.model | Loading SentenceTransformer model from sentence-transformers/all-MiniLM-L6-v2.
2026-08-05 22:48:55,067 | INFO | httpx | HTTP Request: HEAD https://huggingface.co/sentence-transformers/all-MiniLM-L6-v2/resolve/main/config_sentence_transformers.json "HTTP/1.1 307 Temporary Redirect"
2026-08-05 22:48:55,081 | INFO | httpx | HTTP Request: HEAD https://huggingface.co/api/resolve-cache/models/sentence-transformers/all-MiniLM-L6-v2/1110a243fdf4706b3f48f1d95db1a4f5529b4d41/config_sentence_transformers.json "HTTP/1.1 200 OK"
2026-08-05 22:48:55,355 | INFO | httpx | HTTP Request: HEAD https://huggingface.co/sentence-transformers/all-MiniLM-L6-v2/resolve/main/README.md "HTTP/1.1 307 Temporary Redirect"
2026-08-05 22:48:55,367 | INFO | httpx | HTTP Request: HEAD https://huggingface.co/api/resolve-cache/models/sentence-transformers/all-MiniLM-L6-v2/1110a243fdf4706b3f48f1d95db1a4f5529b4d41/README.md "HTTP/1.1 200 OK"
2026-08-05 22:48:55,649 | INFO | httpx | HTTP Request: HEAD https://huggingface.co/sentence-transformers/all-MiniLM-L6-v2/resolve/main/modules.json "HTTP/1.1 307 Temporary Redirect"
2026-08-05 22:48:55,662 | INFO | httpx | HTTP Request: HEAD https://huggingface.co/api/resolve-cache/models/sentence-transformers/all-MiniLM-L6-v2/1110a243fdf4706b3f48f1d95db1a4f5529b4d41/modules.json "HTTP/1.1 200 OK"
2026-08-05 22:48:55,940 | INFO | httpx | HTTP Request: HEAD https://huggingface.co/sentence-transformers/all-MiniLM-L6-v2/resolve/main/sentence_bert_config.json "HTTP/1.1 307 Temporary Redirect"
2026-08-05 22:48:55,956 | INFO | httpx | HTTP Request: HEAD https://huggingface.co/api/resolve-cache/models/sentence-transformers/all-MiniLM-L6-v2/1110a243fdf4706b3f48f1d95db1a4f5529b4d41/sentence_bert_config.json "HTTP/1.1 200 OK"
2026-08-05 22:48:56,231 | INFO | httpx | HTTP Request: HEAD https://huggingface.co/sentence-transformers/all-MiniLM-L6-v2/resolve/main/adapter_config.json "HTTP/1.1 404 Not Found"
2026-08-05 22:48:56,499 | INFO | httpx | HTTP Request: HEAD https://huggingface.co/sentence-transformers/all-MiniLM-L6-v2/resolve/main/config.json "HTTP/1.1 307 Temporary Redirect"
2026-08-05 22:48:56,513 | INFO | httpx | HTTP Request: HEAD https://huggingface.co/api/resolve-cache/models/sentence-transformers/all-MiniLM-L6-v2/1110a243fdf4706b3f48f1d95db1a4f5529b4d41/config.json "HTTP/1.1 200 OK"
2026-08-05 22:48:57,241 | INFO | httpx | HTTP Request: HEAD https://huggingface.co/sentence-transformers/all-MiniLM-L6-v2/resolve/main/processor_config.json "HTTP/1.1 404 Not Found"
2026-08-05 22:48:57,520 | INFO | httpx | HTTP Request: HEAD https://huggingface.co/sentence-transformers/all-MiniLM-L6-v2/resolve/main/preprocessor_config.json "HTTP/1.1 404 Not Found"
2026-08-05 22:48:57,805 | INFO | httpx | HTTP Request: HEAD https://huggingface.co/sentence-transformers/all-MiniLM-L6-v2/resolve/main/video_preprocessor_config.json "HTTP/1.1 404 Not Found"
2026-08-05 22:48:58,080 | INFO | httpx | HTTP Request: HEAD https://huggingface.co/sentence-transformers/all-MiniLM-L6-v2/resolve/main/preprocessor_config.json "HTTP/1.1 404 Not Found"
2026-08-05 22:48:58,354 | INFO | httpx | HTTP Request: HEAD https://huggingface.co/sentence-transformers/all-MiniLM-L6-v2/resolve/main/tokenizer_config.json "HTTP/1.1 307 Temporary Redirect"
2026-08-05 22:48:58,369 | INFO | httpx | HTTP Request: HEAD https://huggingface.co/api/resolve-cache/models/sentence-transformers/all-MiniLM-L6-v2/1110a243fdf4706b3f48f1d95db1a4f5529b4d41/tokenizer_config.json "HTTP/1.1 200 OK"
2026-08-05 22:48:58,648 | INFO | httpx | HTTP Request: HEAD https://huggingface.co/sentence-transformers/all-MiniLM-L6-v2/resolve/main/config.json "HTTP/1.1 307 Temporary Redirect"
2026-08-05 22:48:58,664 | INFO | httpx | HTTP Request: HEAD https://huggingface.co/api/resolve-cache/models/sentence-transformers/all-MiniLM-L6-v2/1110a243fdf4706b3f48f1d95db1a4f5529b4d41/config.json "HTTP/1.1 200 OK"
2026-08-05 22:48:58,937 | INFO | httpx | HTTP Request: HEAD https://huggingface.co/sentence-transformers/all-MiniLM-L6-v2/resolve/main/config.json "HTTP/1.1 307 Temporary Redirect"
2026-08-05 22:48:58,950 | INFO | httpx | HTTP Request: HEAD https://huggingface.co/api/resolve-cache/models/sentence-transformers/all-MiniLM-L6-v2/1110a243fdf4706b3f48f1d95db1a4f5529b4d41/config.json "HTTP/1.1 200 OK"
2026-08-05 22:48:59,232 | INFO | httpx | HTTP Request: HEAD https://huggingface.co/sentence-transformers/all-MiniLM-L6-v2/resolve/main/tokenizer_config.json "HTTP/1.1 307 Temporary Redirect"
2026-08-05 22:48:59,249 | INFO | httpx | HTTP Request: HEAD https://huggingface.co/api/resolve-cache/models/sentence-transformers/all-MiniLM-L6-v2/1110a243fdf4706b3f48f1d95db1a4f5529b4d41/tokenizer_config.json "HTTP/1.1 200 OK"
2026-08-05 22:48:59,543 | INFO | httpx | HTTP Request: GET https://huggingface.co/api/models/sentence-transformers/all-MiniLM-L6-v2/tree/main/additional_chat_templates?recursive=false&expand=false "HTTP/1.1 404 Not Found"
2026-08-05 22:48:59,828 | INFO | httpx | HTTP Request: GET https://huggingface.co/api/models/sentence-transformers/all-MiniLM-L6-v2/tree/main?recursive=true&expand=false "HTTP/1.1 200 OK"
2026-08-05 22:49:00,181 | INFO | httpx | HTTP Request: HEAD https://huggingface.co/sentence-transformers/all-MiniLM-L6-v2/resolve/main/1_Pooling/config.json "HTTP/1.1 307 Temporary Redirect"
2026-08-05 22:49:00,195 | INFO | httpx | HTTP Request: HEAD https://huggingface.co/api/resolve-cache/models/sentence-transformers/all-MiniLM-L6-v2/1110a243fdf4706b3f48f1d95db1a4f5529b4d41/1_Pooling%2Fconfig.json "HTTP/1.1 200 OK"
2026-08-05 22:49:00,481 | INFO | httpx | HTTP Request: GET https://huggingface.co/api/models/sentence-transformers/all-MiniLM-L6-v2 "HTTP/1.1 200 OK"
2026-08-05 22:49:00,626 | INFO | CloudMentorAI | Retrieved 10 documents
2026-08-05 22:51:45,025 | INFO | CloudMentorAI | Vector collection initialized: cloudmentor
2026-08-05 22:52:43,235 | INFO | CloudMentorAI | Vector collection initialized: cloudmentor
2026-08-05 22:56:00,262 | INFO | CloudMentorAI | Vector collection initialized: cloudmentor
2026-08-05 22:57:53,202 | INFO | CloudMentorAI | Vector collection initialized: cloudmentor
2026-08-05 22:58:41,178 | INFO | CloudMentorAI | Vector collection initialized: cloudmentor
2026-08-05 23:00:42,976 | WARNING | pypdf._reader | Ignoring wrong pointing object 8 0 (offset 0)
2026-08-05 23:00:42,977 | WARNING | pypdf._reader | Ignoring wrong pointing object 10 0 (offset 0)
2026-08-05 23:00:42,977 | WARNING | pypdf._reader | Ignoring wrong pointing object 12 0 (offset 0)
2026-08-05 23:00:42,977 | WARNING | pypdf._reader | Ignoring wrong pointing object 15 0 (offset 0)
2026-08-05 23:00:42,977 | WARNING | pypdf._reader | Ignoring wrong pointing object 28 0 (offset 0)
2026-08-05 23:00:42,977 | WARNING | pypdf._reader | Ignoring wrong pointing object 31 0 (offset 0)
2026-08-05 23:00:42,977 | WARNING | pypdf._reader | Ignoring wrong pointing object 51 0 (offset 0)
2026-08-05 23:00:42,978 | WARNING | pypdf._reader | Ignoring wrong pointing object 54 0 (offset 0)
2026-08-05 23:00:42,978 | WARNING | pypdf._reader | Ignoring wrong pointing object 56 0 (offset 0)
2026-08-05 23:00:42,978 | WARNING | pypdf._reader | Ignoring wrong pointing object 62 0 (offset 0)
2026-08-05 23:00:42,978 | WARNING | pypdf._reader | Ignoring wrong pointing object 65 0 (offset 0)
2026-08-05 23:00:42,978 | WARNING | pypdf._reader | Ignoring wrong pointing object 67 0 (offset 0)
2026-08-05 23:00:42,978 | WARNING | pypdf._reader | Ignoring wrong pointing object 83 0 (offset 0)
2026-08-05 23:00:42,978 | WARNING | pypdf._reader | Ignoring wrong pointing object 85 0 (offset 0)
2026-08-05 23:00:42,978 | WARNING | pypdf._reader | Ignoring wrong pointing object 96 0 (offset 0)
2026-08-05 23:00:42,978 | WARNING | pypdf._reader | Ignoring wrong pointing object 103 0 (offset 0)
2026-08-05 23:00:42,978 | WARNING | pypdf._reader | Ignoring wrong pointing object 140 0 (offset 0)
2026-08-05 23:00:42,978 | WARNING | pypdf._reader | Ignoring wrong pointing object 172 0 (offset 0)
2026-08-05 23:00:42,979 | WARNING | pypdf._reader | Ignoring wrong pointing object 273 0 (offset 0)
2026-08-05 23:00:42,979 | WARNING | pypdf._reader | Ignoring wrong pointing object 288 0 (offset 0)
2026-08-05 23:00:42,979 | WARNING | pypdf._reader | Ignoring wrong pointing object 323 0 (offset 0)
2026-08-05 23:00:42,979 | WARNING | pypdf._reader | Ignoring wrong pointing object 325 0 (offset 0)
2026-08-05 23:00:42,979 | WARNING | pypdf._reader | Ignoring wrong pointing object 332 0 (offset 0)
2026-08-05 23:00:42,979 | WARNING | pypdf._reader | Ignoring wrong pointing object 334 0 (offset 0)
2026-08-05 23:00:42,979 | WARNING | pypdf._reader | Ignoring wrong pointing object 394 0 (offset 0)
2026-08-05 23:00:42,979 | WARNING | pypdf._reader | Ignoring wrong pointing object 457 0 (offset 0)
2026-08-05 23:00:43,929 | INFO | CloudMentorAI | Loaded 84 pages from ../data/slides/Ch1 - Tong quan DTDM.pdf
2026-08-05 23:03:35,236 | INFO | CloudMentorAI | Loading PDF: Ch1 - Tong quan DTDM.pdf
2026-08-05 23:03:35,239 | WARNING | pypdf._reader | Ignoring wrong pointing object 8 0 (offset 0)
2026-08-05 23:03:35,240 | WARNING | pypdf._reader | Ignoring wrong pointing object 10 0 (offset 0)
2026-08-05 23:03:35,240 | WARNING | pypdf._reader | Ignoring wrong pointing object 12 0 (offset 0)
2026-08-05 23:03:35,240 | WARNING | pypdf._reader | Ignoring wrong pointing object 15 0 (offset 0)
2026-08-05 23:03:35,240 | WARNING | pypdf._reader | Ignoring wrong pointing object 28 0 (offset 0)
2026-08-05 23:03:35,240 | WARNING | pypdf._reader | Ignoring wrong pointing object 31 0 (offset 0)
2026-08-05 23:03:35,241 | WARNING | pypdf._reader | Ignoring wrong pointing object 51 0 (offset 0)
2026-08-05 23:03:35,241 | WARNING | pypdf._reader | Ignoring wrong pointing object 54 0 (offset 0)
2026-08-05 23:03:35,241 | WARNING | pypdf._reader | Ignoring wrong pointing object 56 0 (offset 0)
2026-08-05 23:03:35,241 | WARNING | pypdf._reader | Ignoring wrong pointing object 62 0 (offset 0)
2026-08-05 23:03:35,242 | WARNING | pypdf._reader | Ignoring wrong pointing object 65 0 (offset 0)
2026-08-05 23:03:35,242 | WARNING | pypdf._reader | Ignoring wrong pointing object 67 0 (offset 0)
2026-08-05 23:03:35,242 | WARNING | pypdf._reader | Ignoring wrong pointing object 83 0 (offset 0)
2026-08-05 23:03:35,242 | WARNING | pypdf._reader | Ignoring wrong pointing object 85 0 (offset 0)
2026-08-05 23:03:35,242 | WARNING | pypdf._reader | Ignoring wrong pointing object 96 0 (offset 0)
2026-08-05 23:03:35,243 | WARNING | pypdf._reader | Ignoring wrong pointing object 103 0 (offset 0)
2026-08-05 23:03:35,243 | WARNING | pypdf._reader | Ignoring wrong pointing object 140 0 (offset 0)
2026-08-05 23:03:35,243 | WARNING | pypdf._reader | Ignoring wrong pointing object 172 0 (offset 0)
2026-08-05 23:03:35,243 | WARNING | pypdf._reader | Ignoring wrong pointing object 273 0 (offset 0)
2026-08-05 23:03:35,244 | WARNING | pypdf._reader | Ignoring wrong pointing object 288 0 (offset 0)
2026-08-05 23:03:35,244 | WARNING | pypdf._reader | Ignoring wrong pointing object 323 0 (offset 0)
2026-08-05 23:03:35,244 | WARNING | pypdf._reader | Ignoring wrong pointing object 325 0 (offset 0)
2026-08-05 23:03:35,244 | WARNING | pypdf._reader | Ignoring wrong pointing object 332 0 (offset 0)
2026-08-05 23:03:35,244 | WARNING | pypdf._reader | Ignoring wrong pointing object 334 0 (offset 0)
2026-08-05 23:03:35,244 | WARNING | pypdf._reader | Ignoring wrong pointing object 394 0 (offset 0)
2026-08-05 23:03:35,244 | WARNING | pypdf._reader | Ignoring wrong pointing object 457 0 (offset 0)
2026-08-05 23:03:36,357 | INFO | CloudMentorAI | Loaded 84 pages from Ch1 - Tong quan DTDM.pdf
2026-08-05 23:03:36,358 | INFO | sentence_transformers.base.model | No device provided, using cpu
2026-08-05 23:03:36,889 | INFO | httpx | HTTP Request: HEAD https://huggingface.co/BAAI/bge-m3/resolve/main/modules.json "HTTP/1.1 307 Temporary Redirect"
2026-08-05 23:03:36,891 | WARNING | huggingface_hub.utils._http | Warning: You are sending unauthenticated requests to the HF Hub. Please set a HF_TOKEN to enable higher rate limits and faster downloads.
2026-08-05 23:03:36,909 | INFO | httpx | HTTP Request: HEAD https://huggingface.co/api/resolve-cache/models/BAAI/bge-m3/5617a9f61b028005a4858fdac845db406aefb181/modules.json "HTTP/1.1 200 OK"
2026-08-05 23:03:36,934 | INFO | httpx | HTTP Request: GET https://huggingface.co/api/resolve-cache/models/BAAI/bge-m3/5617a9f61b028005a4858fdac845db406aefb181/modules.json "HTTP/1.1 200 OK"
2026-08-05 23:03:37,244 | INFO | httpx | HTTP Request: HEAD https://huggingface.co/BAAI/bge-m3/resolve/main/config_sentence_transformers.json "HTTP/1.1 307 Temporary Redirect"
2026-08-05 23:03:37,256 | INFO | httpx | HTTP Request: HEAD https://huggingface.co/api/resolve-cache/models/BAAI/bge-m3/5617a9f61b028005a4858fdac845db406aefb181/config_sentence_transformers.json "HTTP/1.1 200 OK"
2026-08-05 23:03:37,276 | INFO | httpx | HTTP Request: GET https://huggingface.co/api/resolve-cache/models/BAAI/bge-m3/5617a9f61b028005a4858fdac845db406aefb181/config_sentence_transformers.json "HTTP/1.1 200 OK"
2026-08-05 23:03:37,301 | INFO | sentence_transformers.base.model | Loading SentenceTransformer model from BAAI/bge-m3.
2026-08-05 23:03:37,571 | INFO | httpx | HTTP Request: HEAD https://huggingface.co/BAAI/bge-m3/resolve/main/config_sentence_transformers.json "HTTP/1.1 307 Temporary Redirect"
2026-08-05 23:03:37,585 | INFO | httpx | HTTP Request: HEAD https://huggingface.co/api/resolve-cache/models/BAAI/bge-m3/5617a9f61b028005a4858fdac845db406aefb181/config_sentence_transformers.json "HTTP/1.1 200 OK"
2026-08-05 23:03:37,856 | INFO | httpx | HTTP Request: HEAD https://huggingface.co/BAAI/bge-m3/resolve/main/README.md "HTTP/1.1 307 Temporary Redirect"
2026-08-05 23:03:37,870 | INFO | httpx | HTTP Request: HEAD https://huggingface.co/api/resolve-cache/models/BAAI/bge-m3/5617a9f61b028005a4858fdac845db406aefb181/README.md "HTTP/1.1 200 OK"
2026-08-05 23:03:37,891 | INFO | httpx | HTTP Request: GET https://huggingface.co/api/resolve-cache/models/BAAI/bge-m3/5617a9f61b028005a4858fdac845db406aefb181/README.md "HTTP/1.1 200 OK"
2026-08-05 23:03:38,182 | INFO | httpx | HTTP Request: HEAD https://huggingface.co/BAAI/bge-m3/resolve/main/modules.json "HTTP/1.1 307 Temporary Redirect"
2026-08-05 23:03:38,194 | INFO | httpx | HTTP Request: HEAD https://huggingface.co/api/resolve-cache/models/BAAI/bge-m3/5617a9f61b028005a4858fdac845db406aefb181/modules.json "HTTP/1.1 200 OK"
2026-08-05 23:03:38,465 | INFO | httpx | HTTP Request: HEAD https://huggingface.co/BAAI/bge-m3/resolve/main/sentence_bert_config.json "HTTP/1.1 307 Temporary Redirect"
2026-08-05 23:03:38,477 | INFO | httpx | HTTP Request: HEAD https://huggingface.co/api/resolve-cache/models/BAAI/bge-m3/5617a9f61b028005a4858fdac845db406aefb181/sentence_bert_config.json "HTTP/1.1 200 OK"
2026-08-05 23:03:38,502 | INFO | httpx | HTTP Request: GET https://huggingface.co/api/resolve-cache/models/BAAI/bge-m3/5617a9f61b028005a4858fdac845db406aefb181/sentence_bert_config.json "HTTP/1.1 200 OK"
2026-08-05 23:03:38,792 | INFO | httpx | HTTP Request: HEAD https://huggingface.co/BAAI/bge-m3/resolve/main/adapter_config.json "HTTP/1.1 404 Not Found"
2026-08-05 23:03:39,067 | INFO | httpx | HTTP Request: HEAD https://huggingface.co/BAAI/bge-m3/resolve/main/config.json "HTTP/1.1 307 Temporary Redirect"
2026-08-05 23:03:39,081 | INFO | httpx | HTTP Request: HEAD https://huggingface.co/api/resolve-cache/models/BAAI/bge-m3/5617a9f61b028005a4858fdac845db406aefb181/config.json "HTTP/1.1 200 OK"
2026-08-05 23:03:39,105 | INFO | httpx | HTTP Request: GET https://huggingface.co/api/resolve-cache/models/BAAI/bge-m3/5617a9f61b028005a4858fdac845db406aefb181/config.json "HTTP/1.1 200 OK"
2026-08-05 23:03:39,439 | INFO | httpx | HTTP Request: HEAD https://huggingface.co/BAAI/bge-m3/resolve/main/model.safetensors "HTTP/1.1 404 Not Found"
2026-08-05 23:03:39,717 | INFO | httpx | HTTP Request: HEAD https://huggingface.co/BAAI/bge-m3/resolve/main/model.safetensors.index.json "HTTP/1.1 404 Not Found"
2026-08-05 23:03:40,005 | INFO | httpx | HTTP Request: HEAD https://huggingface.co/BAAI/bge-m3/resolve/main/pytorch_model.bin "HTTP/1.1 302 Found"
2026-08-05 23:04:35,203 | INFO | httpx | HTTP Request: HEAD https://huggingface.co/BAAI/bge-m3/resolve/main/model.safetensors "HTTP/1.1 404 Not Found"
2026-08-05 23:04:35,480 | INFO | httpx | HTTP Request: GET https://huggingface.co/api/models/BAAI/bge-m3 "HTTP/1.1 200 OK"
2026-08-05 23:04:35,746 | INFO | httpx | HTTP Request: HEAD https://huggingface.co/BAAI/bge-m3/resolve/main/processor_config.json "HTTP/1.1 404 Not Found"
2026-08-05 23:04:35,781 | INFO | httpx | HTTP Request: GET https://huggingface.co/api/models/BAAI/bge-m3/commits/main "HTTP/1.1 200 OK"
2026-08-05 23:04:36,019 | INFO | httpx | HTTP Request: HEAD https://huggingface.co/BAAI/bge-m3/resolve/main/preprocessor_config.json "HTTP/1.1 404 Not Found"
2026-08-05 23:04:36,094 | INFO | httpx | HTTP Request: GET https://huggingface.co/api/models/BAAI/bge-m3/discussions?p=0 "HTTP/1.1 200 OK"
2026-08-05 23:04:36,315 | INFO | httpx | HTTP Request: HEAD https://huggingface.co/BAAI/bge-m3/resolve/main/video_preprocessor_config.json "HTTP/1.1 404 Not Found"
2026-08-05 23:04:36,395 | INFO | httpx | HTTP Request: GET https://huggingface.co/api/models/BAAI/bge-m3/commits/refs%2Fpr%2F130 "HTTP/1.1 200 OK"
2026-08-05 23:04:36,596 | INFO | httpx | HTTP Request: HEAD https://huggingface.co/BAAI/bge-m3/resolve/main/preprocessor_config.json "HTTP/1.1 404 Not Found"
2026-08-05 23:04:36,669 | INFO | httpx | HTTP Request: HEAD https://huggingface.co/BAAI/bge-m3/resolve/refs%2Fpr%2F130/model.safetensors.index.json "HTTP/1.1 404 Not Found"
2026-08-05 23:04:36,890 | INFO | httpx | HTTP Request: HEAD https://huggingface.co/BAAI/bge-m3/resolve/main/tokenizer_config.json "HTTP/1.1 307 Temporary Redirect"
2026-08-05 23:04:36,906 | INFO | httpx | HTTP Request: HEAD https://huggingface.co/api/resolve-cache/models/BAAI/bge-m3/5617a9f61b028005a4858fdac845db406aefb181/tokenizer_config.json "HTTP/1.1 200 OK"
2026-08-05 23:04:36,923 | INFO | httpx | HTTP Request: GET https://huggingface.co/api/resolve-cache/models/BAAI/bge-m3/5617a9f61b028005a4858fdac845db406aefb181/tokenizer_config.json "HTTP/1.1 200 OK"
2026-08-05 23:04:36,951 | INFO | httpx | HTTP Request: HEAD https://huggingface.co/BAAI/bge-m3/resolve/refs%2Fpr%2F130/model.safetensors "HTTP/1.1 302 Found"
2026-08-05 23:04:37,221 | INFO | httpx | HTTP Request: HEAD https://huggingface.co/BAAI/bge-m3/resolve/main/config.json "HTTP/1.1 307 Temporary Redirect"
2026-08-05 23:04:37,236 | INFO | httpx | HTTP Request: HEAD https://huggingface.co/api/resolve-cache/models/BAAI/bge-m3/5617a9f61b028005a4858fdac845db406aefb181/config.json "HTTP/1.1 200 OK"
2026-08-05 23:04:37,512 | INFO | httpx | HTTP Request: HEAD https://huggingface.co/BAAI/bge-m3/resolve/main/config.json "HTTP/1.1 307 Temporary Redirect"
2026-08-05 23:04:37,521 | INFO | httpx | HTTP Request: HEAD https://huggingface.co/api/resolve-cache/models/BAAI/bge-m3/5617a9f61b028005a4858fdac845db406aefb181/config.json "HTTP/1.1 200 OK"
2026-08-05 23:04:37,796 | INFO | httpx | HTTP Request: HEAD https://huggingface.co/BAAI/bge-m3/resolve/main/tokenizer_config.json "HTTP/1.1 307 Temporary Redirect"
2026-08-05 23:04:37,809 | INFO | httpx | HTTP Request: HEAD https://huggingface.co/api/resolve-cache/models/BAAI/bge-m3/5617a9f61b028005a4858fdac845db406aefb181/tokenizer_config.json "HTTP/1.1 200 OK"
2026-08-05 23:04:38,119 | INFO | httpx | HTTP Request: GET https://huggingface.co/api/models/BAAI/bge-m3/tree/main/additional_chat_templates?recursive=false&expand=false "HTTP/1.1 404 Not Found"
2026-08-05 23:04:38,398 | INFO | httpx | HTTP Request: GET https://huggingface.co/api/models/BAAI/bge-m3/tree/main?recursive=true&expand=false "HTTP/1.1 200 OK"
2026-08-05 23:04:38,671 | INFO | httpx | HTTP Request: HEAD https://huggingface.co/BAAI/bge-m3/resolve/main/sentencepiece.bpe.model "HTTP/1.1 302 Found"
2026-08-05 23:04:44,590 | INFO | httpx | HTTP Request: HEAD https://huggingface.co/BAAI/bge-m3/resolve/main/tokenizer.json "HTTP/1.1 302 Found"
2026-08-05 23:04:53,886 | INFO | httpx | HTTP Request: HEAD https://huggingface.co/BAAI/bge-m3/resolve/main/added_tokens.json "HTTP/1.1 404 Not Found"
2026-08-05 23:04:54,264 | INFO | httpx | HTTP Request: HEAD https://huggingface.co/BAAI/bge-m3/resolve/main/special_tokens_map.json "HTTP/1.1 307 Temporary Redirect"
2026-08-05 23:04:54,339 | INFO | httpx | HTTP Request: HEAD https://huggingface.co/api/resolve-cache/models/BAAI/bge-m3/5617a9f61b028005a4858fdac845db406aefb181/special_tokens_map.json "HTTP/1.1 200 OK"
2026-08-05 23:04:54,418 | INFO | httpx | HTTP Request: GET https://huggingface.co/api/resolve-cache/models/BAAI/bge-m3/5617a9f61b028005a4858fdac845db406aefb181/special_tokens_map.json "HTTP/1.1 200 OK"
2026-08-05 23:04:54,742 | INFO | httpx | HTTP Request: HEAD https://huggingface.co/BAAI/bge-m3/resolve/main/chat_template.jinja "HTTP/1.1 404 Not Found"
2026-08-05 23:04:58,086 | INFO | httpx | HTTP Request: GET https://huggingface.co/api/models/BAAI/bge-m3 "HTTP/1.1 200 OK"
2026-08-05 23:04:58,479 | INFO | httpx | HTTP Request: HEAD https://huggingface.co/BAAI/bge-m3/resolve/main/1_Pooling/config.json "HTTP/1.1 307 Temporary Redirect"
2026-08-05 23:04:58,558 | INFO | httpx | HTTP Request: HEAD https://huggingface.co/api/resolve-cache/models/BAAI/bge-m3/5617a9f61b028005a4858fdac845db406aefb181/1_Pooling%2Fconfig.json "HTTP/1.1 200 OK"
2026-08-05 23:04:58,653 | INFO | httpx | HTTP Request: GET https://huggingface.co/api/resolve-cache/models/BAAI/bge-m3/5617a9f61b028005a4858fdac845db406aefb181/1_Pooling%2Fconfig.json "HTTP/1.1 200 OK"
2026-08-05 23:04:58,978 | INFO | httpx | HTTP Request: GET https://huggingface.co/api/models/BAAI/bge-m3 "HTTP/1.1 200 OK"
2026-08-05 23:04:58,994 | INFO | CloudMentorAI | Loaded embedding model: BAAI/bge-m3
2026-08-05 23:05:42,919 | INFO | CloudMentorAI | Generated 83 embeddings
2026-08-05 23:05:45,037 | INFO | CloudMentorAI | Vector collection initialized: cloudmentor
2026-08-05 23:05:45,248 | INFO | CloudMentorAI | Stored 83 chunks into vector database
2026-08-05 23:06:38,028 | INFO | CloudMentorAI | Vector collection initialized: cloudmentor
2026-08-05 23:06:38,029 | INFO | sentence_transformers.base.model | No device provided, using cpu
2026-08-05 23:06:38,526 | INFO | httpx | HTTP Request: HEAD https://huggingface.co/sentence-transformers/all-MiniLM-L6-v2/resolve/main/modules.json "HTTP/1.1 307 Temporary Redirect"
2026-08-05 23:06:38,538 | INFO | httpx | HTTP Request: HEAD https://huggingface.co/api/resolve-cache/models/sentence-transformers/all-MiniLM-L6-v2/1110a243fdf4706b3f48f1d95db1a4f5529b4d41/modules.json "HTTP/1.1 200 OK"
2026-08-05 23:06:38,826 | INFO | httpx | HTTP Request: HEAD https://huggingface.co/sentence-transformers/all-MiniLM-L6-v2/resolve/main/config_sentence_transformers.json "HTTP/1.1 307 Temporary Redirect"
2026-08-05 23:06:38,828 | WARNING | huggingface_hub.utils._http | Warning: You are sending unauthenticated requests to the HF Hub. Please set a HF_TOKEN to enable higher rate limits and faster downloads.
2026-08-05 23:06:38,840 | INFO | httpx | HTTP Request: HEAD https://huggingface.co/api/resolve-cache/models/sentence-transformers/all-MiniLM-L6-v2/1110a243fdf4706b3f48f1d95db1a4f5529b4d41/config_sentence_transformers.json "HTTP/1.1 200 OK"
2026-08-05 23:06:38,844 | INFO | sentence_transformers.base.model | Loading SentenceTransformer model from sentence-transformers/all-MiniLM-L6-v2.
2026-08-05 23:06:39,117 | INFO | httpx | HTTP Request: HEAD https://huggingface.co/sentence-transformers/all-MiniLM-L6-v2/resolve/main/config_sentence_transformers.json "HTTP/1.1 307 Temporary Redirect"
2026-08-05 23:06:39,131 | INFO | httpx | HTTP Request: HEAD https://huggingface.co/api/resolve-cache/models/sentence-transformers/all-MiniLM-L6-v2/1110a243fdf4706b3f48f1d95db1a4f5529b4d41/config_sentence_transformers.json "HTTP/1.1 200 OK"
2026-08-05 23:06:39,419 | INFO | httpx | HTTP Request: HEAD https://huggingface.co/sentence-transformers/all-MiniLM-L6-v2/resolve/main/README.md "HTTP/1.1 307 Temporary Redirect"
2026-08-05 23:06:39,428 | INFO | httpx | HTTP Request: HEAD https://huggingface.co/api/resolve-cache/models/sentence-transformers/all-MiniLM-L6-v2/1110a243fdf4706b3f48f1d95db1a4f5529b4d41/README.md "HTTP/1.1 200 OK"
2026-08-05 23:06:39,699 | INFO | httpx | HTTP Request: HEAD https://huggingface.co/sentence-transformers/all-MiniLM-L6-v2/resolve/main/modules.json "HTTP/1.1 307 Temporary Redirect"
2026-08-05 23:06:39,718 | INFO | httpx | HTTP Request: HEAD https://huggingface.co/api/resolve-cache/models/sentence-transformers/all-MiniLM-L6-v2/1110a243fdf4706b3f48f1d95db1a4f5529b4d41/modules.json "HTTP/1.1 200 OK"
2026-08-05 23:06:39,997 | INFO | httpx | HTTP Request: HEAD https://huggingface.co/sentence-transformers/all-MiniLM-L6-v2/resolve/main/sentence_bert_config.json "HTTP/1.1 307 Temporary Redirect"
2026-08-05 23:06:40,017 | INFO | httpx | HTTP Request: HEAD https://huggingface.co/api/resolve-cache/models/sentence-transformers/all-MiniLM-L6-v2/1110a243fdf4706b3f48f1d95db1a4f5529b4d41/sentence_bert_config.json "HTTP/1.1 200 OK"
2026-08-05 23:06:40,336 | INFO | httpx | HTTP Request: HEAD https://huggingface.co/sentence-transformers/all-MiniLM-L6-v2/resolve/main/adapter_config.json "HTTP/1.1 404 Not Found"
2026-08-05 23:06:40,619 | INFO | httpx | HTTP Request: HEAD https://huggingface.co/sentence-transformers/all-MiniLM-L6-v2/resolve/main/config.json "HTTP/1.1 307 Temporary Redirect"
2026-08-05 23:06:40,635 | INFO | httpx | HTTP Request: HEAD https://huggingface.co/api/resolve-cache/models/sentence-transformers/all-MiniLM-L6-v2/1110a243fdf4706b3f48f1d95db1a4f5529b4d41/config.json "HTTP/1.1 200 OK"
2026-08-05 23:06:41,373 | INFO | httpx | HTTP Request: HEAD https://huggingface.co/sentence-transformers/all-MiniLM-L6-v2/resolve/main/processor_config.json "HTTP/1.1 404 Not Found"
2026-08-05 23:06:41,645 | INFO | httpx | HTTP Request: HEAD https://huggingface.co/sentence-transformers/all-MiniLM-L6-v2/resolve/main/preprocessor_config.json "HTTP/1.1 404 Not Found"
2026-08-05 23:06:41,926 | INFO | httpx | HTTP Request: HEAD https://huggingface.co/sentence-transformers/all-MiniLM-L6-v2/resolve/main/video_preprocessor_config.json "HTTP/1.1 404 Not Found"
2026-08-05 23:06:42,209 | INFO | httpx | HTTP Request: HEAD https://huggingface.co/sentence-transformers/all-MiniLM-L6-v2/resolve/main/preprocessor_config.json "HTTP/1.1 404 Not Found"
2026-08-05 23:06:42,482 | INFO | httpx | HTTP Request: HEAD https://huggingface.co/sentence-transformers/all-MiniLM-L6-v2/resolve/main/tokenizer_config.json "HTTP/1.1 307 Temporary Redirect"
2026-08-05 23:06:42,496 | INFO | httpx | HTTP Request: HEAD https://huggingface.co/api/resolve-cache/models/sentence-transformers/all-MiniLM-L6-v2/1110a243fdf4706b3f48f1d95db1a4f5529b4d41/tokenizer_config.json "HTTP/1.1 200 OK"
2026-08-05 23:06:42,781 | INFO | httpx | HTTP Request: HEAD https://huggingface.co/sentence-transformers/all-MiniLM-L6-v2/resolve/main/config.json "HTTP/1.1 307 Temporary Redirect"
2026-08-05 23:06:42,796 | INFO | httpx | HTTP Request: HEAD https://huggingface.co/api/resolve-cache/models/sentence-transformers/all-MiniLM-L6-v2/1110a243fdf4706b3f48f1d95db1a4f5529b4d41/config.json "HTTP/1.1 200 OK"
2026-08-05 23:06:43,075 | INFO | httpx | HTTP Request: HEAD https://huggingface.co/sentence-transformers/all-MiniLM-L6-v2/resolve/main/config.json "HTTP/1.1 307 Temporary Redirect"
2026-08-05 23:06:43,088 | INFO | httpx | HTTP Request: HEAD https://huggingface.co/api/resolve-cache/models/sentence-transformers/all-MiniLM-L6-v2/1110a243fdf4706b3f48f1d95db1a4f5529b4d41/config.json "HTTP/1.1 200 OK"
2026-08-05 23:06:43,374 | INFO | httpx | HTTP Request: HEAD https://huggingface.co/sentence-transformers/all-MiniLM-L6-v2/resolve/main/tokenizer_config.json "HTTP/1.1 307 Temporary Redirect"
2026-08-05 23:06:43,387 | INFO | httpx | HTTP Request: HEAD https://huggingface.co/api/resolve-cache/models/sentence-transformers/all-MiniLM-L6-v2/1110a243fdf4706b3f48f1d95db1a4f5529b4d41/tokenizer_config.json "HTTP/1.1 200 OK"
2026-08-05 23:06:43,677 | INFO | httpx | HTTP Request: GET https://huggingface.co/api/models/sentence-transformers/all-MiniLM-L6-v2/tree/main/additional_chat_templates?recursive=false&expand=false "HTTP/1.1 404 Not Found"
2026-08-05 23:06:43,954 | INFO | httpx | HTTP Request: GET https://huggingface.co/api/models/sentence-transformers/all-MiniLM-L6-v2/tree/main?recursive=true&expand=false "HTTP/1.1 200 OK"
2026-08-05 23:06:44,272 | INFO | httpx | HTTP Request: HEAD https://huggingface.co/sentence-transformers/all-MiniLM-L6-v2/resolve/main/1_Pooling/config.json "HTTP/1.1 307 Temporary Redirect"
2026-08-05 23:06:44,284 | INFO | httpx | HTTP Request: HEAD https://huggingface.co/api/resolve-cache/models/sentence-transformers/all-MiniLM-L6-v2/1110a243fdf4706b3f48f1d95db1a4f5529b4d41/1_Pooling%2Fconfig.json "HTTP/1.1 200 OK"
2026-08-05 23:06:44,563 | INFO | httpx | HTTP Request: GET https://huggingface.co/api/models/sentence-transformers/all-MiniLM-L6-v2 "HTTP/1.1 200 OK"
2026-08-05 23:08:19,464 | INFO | CloudMentorAI | Loading PDF: Ch1 - Tong quan DTDM.pdf
2026-08-05 23:08:19,482 | WARNING | pypdf._reader | Ignoring wrong pointing object 8 0 (offset 0)
2026-08-05 23:08:19,482 | WARNING | pypdf._reader | Ignoring wrong pointing object 10 0 (offset 0)
2026-08-05 23:08:19,482 | WARNING | pypdf._reader | Ignoring wrong pointing object 12 0 (offset 0)
2026-08-05 23:08:19,482 | WARNING | pypdf._reader | Ignoring wrong pointing object 15 0 (offset 0)
2026-08-05 23:08:19,483 | WARNING | pypdf._reader | Ignoring wrong pointing object 28 0 (offset 0)
2026-08-05 23:08:19,483 | WARNING | pypdf._reader | Ignoring wrong pointing object 31 0 (offset 0)
2026-08-05 23:08:19,483 | WARNING | pypdf._reader | Ignoring wrong pointing object 51 0 (offset 0)
2026-08-05 23:08:19,484 | WARNING | pypdf._reader | Ignoring wrong pointing object 54 0 (offset 0)
2026-08-05 23:08:19,484 | WARNING | pypdf._reader | Ignoring wrong pointing object 56 0 (offset 0)
2026-08-05 23:08:19,485 | WARNING | pypdf._reader | Ignoring wrong pointing object 62 0 (offset 0)
2026-08-05 23:08:19,485 | WARNING | pypdf._reader | Ignoring wrong pointing object 65 0 (offset 0)
2026-08-05 23:08:19,485 | WARNING | pypdf._reader | Ignoring wrong pointing object 67 0 (offset 0)
2026-08-05 23:08:19,485 | WARNING | pypdf._reader | Ignoring wrong pointing object 83 0 (offset 0)
2026-08-05 23:08:19,485 | WARNING | pypdf._reader | Ignoring wrong pointing object 85 0 (offset 0)
2026-08-05 23:08:19,485 | WARNING | pypdf._reader | Ignoring wrong pointing object 96 0 (offset 0)
2026-08-05 23:08:19,485 | WARNING | pypdf._reader | Ignoring wrong pointing object 103 0 (offset 0)
2026-08-05 23:08:19,486 | WARNING | pypdf._reader | Ignoring wrong pointing object 140 0 (offset 0)
2026-08-05 23:08:19,486 | WARNING | pypdf._reader | Ignoring wrong pointing object 172 0 (offset 0)
2026-08-05 23:08:19,487 | WARNING | pypdf._reader | Ignoring wrong pointing object 273 0 (offset 0)
2026-08-05 23:08:19,487 | WARNING | pypdf._reader | Ignoring wrong pointing object 288 0 (offset 0)
2026-08-05 23:08:19,487 | WARNING | pypdf._reader | Ignoring wrong pointing object 323 0 (offset 0)
2026-08-05 23:08:19,488 | WARNING | pypdf._reader | Ignoring wrong pointing object 325 0 (offset 0)
2026-08-05 23:08:19,488 | WARNING | pypdf._reader | Ignoring wrong pointing object 332 0 (offset 0)
2026-08-05 23:08:19,488 | WARNING | pypdf._reader | Ignoring wrong pointing object 334 0 (offset 0)
2026-08-05 23:08:19,489 | WARNING | pypdf._reader | Ignoring wrong pointing object 394 0 (offset 0)
2026-08-05 23:08:19,489 | WARNING | pypdf._reader | Ignoring wrong pointing object 457 0 (offset 0)
2026-08-05 23:08:20,619 | INFO | CloudMentorAI | Loaded 84 pages from Ch1 - Tong quan DTDM.pdf
2026-08-05 23:08:20,620 | INFO | sentence_transformers.base.model | No device provided, using cpu
2026-08-05 23:08:21,157 | INFO | httpx | HTTP Request: HEAD https://huggingface.co/BAAI/bge-m3/resolve/main/modules.json "HTTP/1.1 307 Temporary Redirect"
2026-08-05 23:08:21,159 | WARNING | huggingface_hub.utils._http | Warning: You are sending unauthenticated requests to the HF Hub. Please set a HF_TOKEN to enable higher rate limits and faster downloads.
2026-08-05 23:08:21,170 | INFO | httpx | HTTP Request: HEAD https://huggingface.co/api/resolve-cache/models/BAAI/bge-m3/5617a9f61b028005a4858fdac845db406aefb181/modules.json "HTTP/1.1 200 OK"
2026-08-05 23:08:21,440 | INFO | httpx | HTTP Request: HEAD https://huggingface.co/BAAI/bge-m3/resolve/main/config_sentence_transformers.json "HTTP/1.1 307 Temporary Redirect"
2026-08-05 23:08:21,468 | INFO | httpx | HTTP Request: HEAD https://huggingface.co/api/resolve-cache/models/BAAI/bge-m3/5617a9f61b028005a4858fdac845db406aefb181/config_sentence_transformers.json "HTTP/1.1 200 OK"
2026-08-05 23:08:21,475 | INFO | sentence_transformers.base.model | Loading SentenceTransformer model from BAAI/bge-m3.
2026-08-05 23:08:21,743 | INFO | httpx | HTTP Request: HEAD https://huggingface.co/BAAI/bge-m3/resolve/main/config_sentence_transformers.json "HTTP/1.1 307 Temporary Redirect"
2026-08-05 23:08:21,756 | INFO | httpx | HTTP Request: HEAD https://huggingface.co/api/resolve-cache/models/BAAI/bge-m3/5617a9f61b028005a4858fdac845db406aefb181/config_sentence_transformers.json "HTTP/1.1 200 OK"
2026-08-05 23:08:22,031 | INFO | httpx | HTTP Request: HEAD https://huggingface.co/BAAI/bge-m3/resolve/main/README.md "HTTP/1.1 307 Temporary Redirect"
2026-08-05 23:08:22,046 | INFO | httpx | HTTP Request: HEAD https://huggingface.co/api/resolve-cache/models/BAAI/bge-m3/5617a9f61b028005a4858fdac845db406aefb181/README.md "HTTP/1.1 200 OK"
2026-08-05 23:08:22,330 | INFO | httpx | HTTP Request: HEAD https://huggingface.co/BAAI/bge-m3/resolve/main/modules.json "HTTP/1.1 307 Temporary Redirect"
2026-08-05 23:08:22,343 | INFO | httpx | HTTP Request: HEAD https://huggingface.co/api/resolve-cache/models/BAAI/bge-m3/5617a9f61b028005a4858fdac845db406aefb181/modules.json "HTTP/1.1 200 OK"
2026-08-05 23:08:22,631 | INFO | httpx | HTTP Request: HEAD https://huggingface.co/BAAI/bge-m3/resolve/main/sentence_bert_config.json "HTTP/1.1 307 Temporary Redirect"
2026-08-05 23:08:22,645 | INFO | httpx | HTTP Request: HEAD https://huggingface.co/api/resolve-cache/models/BAAI/bge-m3/5617a9f61b028005a4858fdac845db406aefb181/sentence_bert_config.json "HTTP/1.1 200 OK"
2026-08-05 23:08:22,938 | INFO | httpx | HTTP Request: HEAD https://huggingface.co/BAAI/bge-m3/resolve/main/adapter_config.json "HTTP/1.1 404 Not Found"
2026-08-05 23:08:23,211 | INFO | httpx | HTTP Request: HEAD https://huggingface.co/BAAI/bge-m3/resolve/main/config.json "HTTP/1.1 307 Temporary Redirect"
2026-08-05 23:08:23,231 | INFO | httpx | HTTP Request: HEAD https://huggingface.co/api/resolve-cache/models/BAAI/bge-m3/5617a9f61b028005a4858fdac845db406aefb181/config.json "HTTP/1.1 200 OK"
2026-08-05 23:08:23,604 | INFO | httpx | HTTP Request: HEAD https://huggingface.co/BAAI/bge-m3/resolve/main/model.safetensors "HTTP/1.1 404 Not Found"
2026-08-05 23:08:23,917 | INFO | httpx | HTTP Request: GET https://huggingface.co/api/models/BAAI/bge-m3 "HTTP/1.1 200 OK"
2026-08-05 23:08:24,155 | INFO | httpx | HTTP Request: HEAD https://huggingface.co/BAAI/bge-m3/resolve/main/processor_config.json "HTTP/1.1 404 Not Found"
2026-08-05 23:08:24,245 | INFO | httpx | HTTP Request: GET https://huggingface.co/api/models/BAAI/bge-m3/commits/main "HTTP/1.1 200 OK"
2026-08-05 23:08:24,447 | INFO | httpx | HTTP Request: HEAD https://huggingface.co/BAAI/bge-m3/resolve/main/preprocessor_config.json "HTTP/1.1 404 Not Found"
2026-08-05 23:08:24,633 | INFO | httpx | HTTP Request: GET https://huggingface.co/api/models/BAAI/bge-m3/discussions?p=0 "HTTP/1.1 200 OK"
2026-08-05 23:08:24,728 | INFO | httpx | HTTP Request: HEAD https://huggingface.co/BAAI/bge-m3/resolve/main/video_preprocessor_config.json "HTTP/1.1 404 Not Found"
2026-08-05 23:08:24,927 | INFO | httpx | HTTP Request: GET https://huggingface.co/api/models/BAAI/bge-m3/commits/refs%2Fpr%2F130 "HTTP/1.1 200 OK"
2026-08-05 23:08:25,085 | INFO | httpx | HTTP Request: HEAD https://huggingface.co/BAAI/bge-m3/resolve/main/preprocessor_config.json "HTTP/1.1 404 Not Found"
2026-08-05 23:08:25,207 | INFO | httpx | HTTP Request: HEAD https://huggingface.co/BAAI/bge-m3/resolve/refs%2Fpr%2F130/model.safetensors.index.json "HTTP/1.1 404 Not Found"
2026-08-05 23:08:25,383 | INFO | httpx | HTTP Request: HEAD https://huggingface.co/BAAI/bge-m3/resolve/main/tokenizer_config.json "HTTP/1.1 307 Temporary Redirect"
2026-08-05 23:08:25,403 | INFO | httpx | HTTP Request: HEAD https://huggingface.co/api/resolve-cache/models/BAAI/bge-m3/5617a9f61b028005a4858fdac845db406aefb181/tokenizer_config.json "HTTP/1.1 200 OK"
2026-08-05 23:08:25,500 | INFO | httpx | HTTP Request: HEAD https://huggingface.co/BAAI/bge-m3/resolve/refs%2Fpr%2F130/model.safetensors "HTTP/1.1 302 Found"
2026-08-05 23:08:25,700 | INFO | httpx | HTTP Request: HEAD https://huggingface.co/BAAI/bge-m3/resolve/main/config.json "HTTP/1.1 307 Temporary Redirect"
2026-08-05 23:08:25,723 | INFO | httpx | HTTP Request: HEAD https://huggingface.co/api/resolve-cache/models/BAAI/bge-m3/5617a9f61b028005a4858fdac845db406aefb181/config.json "HTTP/1.1 200 OK"
2026-08-05 23:08:26,025 | INFO | httpx | HTTP Request: HEAD https://huggingface.co/BAAI/bge-m3/resolve/main/config.json "HTTP/1.1 307 Temporary Redirect"
2026-08-05 23:08:26,063 | INFO | httpx | HTTP Request: HEAD https://huggingface.co/api/resolve-cache/models/BAAI/bge-m3/5617a9f61b028005a4858fdac845db406aefb181/config.json "HTTP/1.1 200 OK"
2026-08-05 23:08:26,353 | INFO | httpx | HTTP Request: HEAD https://huggingface.co/BAAI/bge-m3/resolve/main/tokenizer_config.json "HTTP/1.1 307 Temporary Redirect"
2026-08-05 23:08:26,376 | INFO | httpx | HTTP Request: HEAD https://huggingface.co/api/resolve-cache/models/BAAI/bge-m3/5617a9f61b028005a4858fdac845db406aefb181/tokenizer_config.json "HTTP/1.1 200 OK"
2026-08-05 23:08:26,676 | INFO | httpx | HTTP Request: GET https://huggingface.co/api/models/BAAI/bge-m3/tree/main/additional_chat_templates?recursive=false&expand=false "HTTP/1.1 404 Not Found"
2026-08-05 23:08:26,985 | INFO | httpx | HTTP Request: GET https://huggingface.co/api/models/BAAI/bge-m3/tree/main?recursive=true&expand=false "HTTP/1.1 200 OK"
2026-08-05 23:08:29,983 | INFO | httpx | HTTP Request: GET https://huggingface.co/api/models/BAAI/bge-m3 "HTTP/1.1 200 OK"
2026-08-05 23:08:30,314 | INFO | httpx | HTTP Request: HEAD https://huggingface.co/BAAI/bge-m3/resolve/main/1_Pooling/config.json "HTTP/1.1 307 Temporary Redirect"
2026-08-05 23:08:30,344 | INFO | httpx | HTTP Request: HEAD https://huggingface.co/api/resolve-cache/models/BAAI/bge-m3/5617a9f61b028005a4858fdac845db406aefb181/1_Pooling%2Fconfig.json "HTTP/1.1 200 OK"
2026-08-05 23:08:30,640 | INFO | httpx | HTTP Request: GET https://huggingface.co/api/models/BAAI/bge-m3 "HTTP/1.1 200 OK"
2026-08-05 23:08:30,651 | INFO | CloudMentorAI | Loaded embedding model: BAAI/bge-m3
2026-08-05 23:09:05,655 | INFO | CloudMentorAI | Generated 83 embeddings
2026-08-05 23:09:05,858 | INFO | CloudMentorAI | Vector collection initialized: cloudmentor
2026-08-05 23:09:05,940 | INFO | CloudMentorAI | Stored 83 chunks into vector database
2026-08-05 23:09:50,050 | INFO | CloudMentorAI | Vector collection initialized: cloudmentor
2026-08-05 23:09:50,051 | INFO | sentence_transformers.base.model | No device provided, using cpu
2026-08-05 23:09:50,536 | INFO | httpx | HTTP Request: HEAD https://huggingface.co/BAAI/bge-m3/resolve/main/modules.json "HTTP/1.1 307 Temporary Redirect"
2026-08-05 23:09:50,551 | INFO | httpx | HTTP Request: HEAD https://huggingface.co/api/resolve-cache/models/BAAI/bge-m3/5617a9f61b028005a4858fdac845db406aefb181/modules.json "HTTP/1.1 200 OK"
2026-08-05 23:09:50,834 | INFO | httpx | HTTP Request: HEAD https://huggingface.co/BAAI/bge-m3/resolve/main/config_sentence_transformers.json "HTTP/1.1 307 Temporary Redirect"
2026-08-05 23:09:50,845 | INFO | httpx | HTTP Request: HEAD https://huggingface.co/api/resolve-cache/models/BAAI/bge-m3/5617a9f61b028005a4858fdac845db406aefb181/config_sentence_transformers.json "HTTP/1.1 200 OK"
2026-08-05 23:09:50,849 | INFO | sentence_transformers.base.model | Loading SentenceTransformer model from BAAI/bge-m3.
2026-08-05 23:09:51,124 | INFO | httpx | HTTP Request: HEAD https://huggingface.co/BAAI/bge-m3/resolve/main/config_sentence_transformers.json "HTTP/1.1 307 Temporary Redirect"
2026-08-05 23:09:51,136 | INFO | httpx | HTTP Request: HEAD https://huggingface.co/api/resolve-cache/models/BAAI/bge-m3/5617a9f61b028005a4858fdac845db406aefb181/config_sentence_transformers.json "HTTP/1.1 200 OK"
2026-08-05 23:09:51,401 | INFO | httpx | HTTP Request: HEAD https://huggingface.co/BAAI/bge-m3/resolve/main/README.md "HTTP/1.1 307 Temporary Redirect"
2026-08-05 23:09:51,402 | WARNING | huggingface_hub.utils._http | Warning: You are sending unauthenticated requests to the HF Hub. Please set a HF_TOKEN to enable higher rate limits and faster downloads.
2026-08-05 23:09:51,415 | INFO | httpx | HTTP Request: HEAD https://huggingface.co/api/resolve-cache/models/BAAI/bge-m3/5617a9f61b028005a4858fdac845db406aefb181/README.md "HTTP/1.1 200 OK"
2026-08-05 23:09:51,690 | INFO | httpx | HTTP Request: HEAD https://huggingface.co/BAAI/bge-m3/resolve/main/modules.json "HTTP/1.1 307 Temporary Redirect"
2026-08-05 23:09:51,704 | INFO | httpx | HTTP Request: HEAD https://huggingface.co/api/resolve-cache/models/BAAI/bge-m3/5617a9f61b028005a4858fdac845db406aefb181/modules.json "HTTP/1.1 200 OK"
2026-08-05 23:09:51,986 | INFO | httpx | HTTP Request: HEAD https://huggingface.co/BAAI/bge-m3/resolve/main/sentence_bert_config.json "HTTP/1.1 307 Temporary Redirect"
2026-08-05 23:09:51,997 | INFO | httpx | HTTP Request: HEAD https://huggingface.co/api/resolve-cache/models/BAAI/bge-m3/5617a9f61b028005a4858fdac845db406aefb181/sentence_bert_config.json "HTTP/1.1 200 OK"
2026-08-05 23:09:52,264 | INFO | httpx | HTTP Request: HEAD https://huggingface.co/BAAI/bge-m3/resolve/main/adapter_config.json "HTTP/1.1 404 Not Found"
2026-08-05 23:09:52,545 | INFO | httpx | HTTP Request: HEAD https://huggingface.co/BAAI/bge-m3/resolve/main/config.json "HTTP/1.1 307 Temporary Redirect"
2026-08-05 23:09:52,555 | INFO | httpx | HTTP Request: HEAD https://huggingface.co/api/resolve-cache/models/BAAI/bge-m3/5617a9f61b028005a4858fdac845db406aefb181/config.json "HTTP/1.1 200 OK"
2026-08-05 23:09:52,871 | INFO | httpx | HTTP Request: HEAD https://huggingface.co/BAAI/bge-m3/resolve/main/model.safetensors "HTTP/1.1 404 Not Found"
2026-08-05 23:09:53,170 | INFO | httpx | HTTP Request: GET https://huggingface.co/api/models/BAAI/bge-m3 "HTTP/1.1 200 OK"
2026-08-05 23:09:53,517 | INFO | httpx | HTTP Request: GET https://huggingface.co/api/models/BAAI/bge-m3/commits/main "HTTP/1.1 200 OK"
2026-08-05 23:09:53,580 | INFO | httpx | HTTP Request: HEAD https://huggingface.co/BAAI/bge-m3/resolve/main/processor_config.json "HTTP/1.1 404 Not Found"
2026-08-05 23:09:53,815 | INFO | httpx | HTTP Request: GET https://huggingface.co/api/models/BAAI/bge-m3/discussions?p=0 "HTTP/1.1 200 OK"
2026-08-05 23:09:53,854 | INFO | httpx | HTTP Request: HEAD https://huggingface.co/BAAI/bge-m3/resolve/main/preprocessor_config.json "HTTP/1.1 404 Not Found"
2026-08-05 23:09:54,123 | INFO | httpx | HTTP Request: GET https://huggingface.co/api/models/BAAI/bge-m3/commits/refs%2Fpr%2F130 "HTTP/1.1 200 OK"
2026-08-05 23:09:54,137 | INFO | httpx | HTTP Request: HEAD https://huggingface.co/BAAI/bge-m3/resolve/main/video_preprocessor_config.json "HTTP/1.1 404 Not Found"
2026-08-05 23:09:54,415 | INFO | httpx | HTTP Request: HEAD https://huggingface.co/BAAI/bge-m3/resolve/main/preprocessor_config.json "HTTP/1.1 404 Not Found"
2026-08-05 23:09:54,417 | INFO | httpx | HTTP Request: HEAD https://huggingface.co/BAAI/bge-m3/resolve/refs%2Fpr%2F130/model.safetensors.index.json "HTTP/1.1 404 Not Found"
2026-08-05 23:09:54,685 | INFO | httpx | HTTP Request: HEAD https://huggingface.co/BAAI/bge-m3/resolve/main/tokenizer_config.json "HTTP/1.1 307 Temporary Redirect"
2026-08-05 23:09:54,700 | INFO | httpx | HTTP Request: HEAD https://huggingface.co/api/resolve-cache/models/BAAI/bge-m3/5617a9f61b028005a4858fdac845db406aefb181/tokenizer_config.json "HTTP/1.1 200 OK"
2026-08-05 23:09:54,701 | INFO | httpx | HTTP Request: HEAD https://huggingface.co/BAAI/bge-m3/resolve/refs%2Fpr%2F130/model.safetensors "HTTP/1.1 302 Found"
2026-08-05 23:09:54,987 | INFO | httpx | HTTP Request: HEAD https://huggingface.co/BAAI/bge-m3/resolve/main/config.json "HTTP/1.1 307 Temporary Redirect"
2026-08-05 23:09:54,998 | INFO | httpx | HTTP Request: HEAD https://huggingface.co/api/resolve-cache/models/BAAI/bge-m3/5617a9f61b028005a4858fdac845db406aefb181/config.json "HTTP/1.1 200 OK"
2026-08-05 23:09:55,281 | INFO | httpx | HTTP Request: HEAD https://huggingface.co/BAAI/bge-m3/resolve/main/config.json "HTTP/1.1 307 Temporary Redirect"
2026-08-05 23:09:55,293 | INFO | httpx | HTTP Request: HEAD https://huggingface.co/api/resolve-cache/models/BAAI/bge-m3/5617a9f61b028005a4858fdac845db406aefb181/config.json "HTTP/1.1 200 OK"
2026-08-05 23:09:55,573 | INFO | httpx | HTTP Request: HEAD https://huggingface.co/BAAI/bge-m3/resolve/main/tokenizer_config.json "HTTP/1.1 307 Temporary Redirect"
2026-08-05 23:09:55,589 | INFO | httpx | HTTP Request: HEAD https://huggingface.co/api/resolve-cache/models/BAAI/bge-m3/5617a9f61b028005a4858fdac845db406aefb181/tokenizer_config.json "HTTP/1.1 200 OK"
2026-08-05 23:09:55,889 | INFO | httpx | HTTP Request: GET https://huggingface.co/api/models/BAAI/bge-m3/tree/main/additional_chat_templates?recursive=false&expand=false "HTTP/1.1 404 Not Found"
2026-08-05 23:09:56,181 | INFO | httpx | HTTP Request: GET https://huggingface.co/api/models/BAAI/bge-m3/tree/main?recursive=true&expand=false "HTTP/1.1 200 OK"
2026-08-05 23:09:58,977 | INFO | httpx | HTTP Request: GET https://huggingface.co/api/models/BAAI/bge-m3 "HTTP/1.1 200 OK"
2026-08-05 23:09:59,292 | INFO | httpx | HTTP Request: HEAD https://huggingface.co/BAAI/bge-m3/resolve/main/1_Pooling/config.json "HTTP/1.1 307 Temporary Redirect"
2026-08-05 23:09:59,306 | INFO | httpx | HTTP Request: HEAD https://huggingface.co/api/resolve-cache/models/BAAI/bge-m3/5617a9f61b028005a4858fdac845db406aefb181/1_Pooling%2Fconfig.json "HTTP/1.1 200 OK"
2026-08-05 23:09:59,582 | INFO | httpx | HTTP Request: GET https://huggingface.co/api/models/BAAI/bge-m3 "HTTP/1.1 200 OK"
2026-08-05 23:09:59,975 | INFO | CloudMentorAI | Retrieved 10 documents
